Daily Observed Min/Max Temperature & Precipitation,,,,
,Houston TX - KIAH,,,
Date,Min,Max,Avg,Precip
1-Jan-09,39,65,52,-
2-Jan-09,64,77,70.5,-
3-Jan-09,68,83,75.5,-
4-Jan-09,47,77,62,-
5-Jan-09,41,47,44,0.01
6-Jan-09,43,57,50,0.34
7-Jan-09,35,67,51,-
8-Jan-09,43,77,60,-
9-Jan-09,53,78,65.5,-
10-Jan-09,43,72,57.5,-
11-Jan-09,37,59,48,-
12-Jan-09,32,62,47,-
13-Jan-09,40,54,47,-
14-Jan-09,34,63,48.5,-
15-Jan-09,35,66,50.5,-
16-Jan-09,32,50,41,-
17-Jan-09,42,69,55.5,-
18-Jan-09,50,73,61.5,-
19-Jan-09,46,69,57.5,-
20-Jan-09,38,61,49.5,-
21-Jan-09,31,66,48.5,-
22-Jan-09,38,76,57,-
23-Jan-09,54,78,66,-
24-Jan-09,44,65,54.5,-
25-Jan-09,43,52,47.5,-
26-Jan-09,51,73,62,-
27-Jan-09,40,80,60,0.01
28-Jan-09,35,51,43,0.09
29-Jan-09,30,60,45,-
30-Jan-09,34,65,49.5,-
31-Jan-09,36,69,52.5,-
1-Feb-09,49,75,62,0.03
2-Feb-09,38,64,51,-
3-Feb-09,33,71,52,-
4-Feb-09,40,60,50,-
5-Feb-09,37,71,54,-
6-Feb-09,53,76,64.5,-
7-Feb-09,55,77,66,-
8-Feb-09,53,75,64,-
9-Feb-09,65,76,70.5,0.1
10-Feb-09,68,74,71,0.1
11-Feb-09,48,73,60.5,0.43
12-Feb-09,45,74,59.5,-
13-Feb-09,54,73,63.5,0.15
14-Feb-09,56,70,63,0.61
15-Feb-09,56,71,63.5,-
16-Feb-09,50,63,56.5,-
17-Feb-09,52,72,62,0.04
18-Feb-09,55,82,68.5,0.01
19-Feb-09,48,69,58.5,-
20-Feb-09,39,67,53,-
21-Feb-09,47,71,59,0.09
22-Feb-09,36,64,50,-
23-Feb-09,37,65,51,-
24-Feb-09,47,77,62,-
25-Feb-09,63,79,71,-
26-Feb-09,67,81,74,-
27-Feb-09,69,85,77,-
28-Feb-09,42,71,56.5,-
1-Mar-09,35,61,48,-
2-Mar-09,34,66,50,-
3-Mar-09,41,66,53.5,-
4-Mar-09,47,75,61,-
5-Mar-09,61,82,71.5,-
6-Mar-09,65,83,74,-
7-Mar-09,68,81,74.5,-
8-Mar-09,66,83,74.5,-
9-Mar-09,67,83,75,-
10-Mar-09,71,84,77.5,-
11-Mar-09,54,82,68,0.02
12-Mar-09,44,54,49,1.04
13-Mar-09,43,46,44.5,0.6
14-Mar-09,42,48,45,0.29
15-Mar-09,48,54,51,0.45
16-Mar-09,48,75,61.5,-
17-Mar-09,52,71,61.5,-
18-Mar-09,47,78,62.5,-
19-Mar-09,48,79,63.5,-
20-Mar-09,51,81,66,-
21-Mar-09,54,79,66.5,-
22-Mar-09,53,80,66.5,-
23-Mar-09,67,80,73.5,-
24-Mar-09,70,78,74,0.01
25-Mar-09,58,82,70,0.86
26-Mar-09,58,76,67,0.37
27-Mar-09,49,80,64.5,0.39
28-Mar-09,41,64,52.5,-
29-Mar-09,42,72,57,-
30-Mar-09,48,74,61,0.01
31-Mar-09,55,71,63,0.02
1-Apr-09,48,71,59.5,-
2-Apr-09,58,76,67,0.05
3-Apr-09,47,77,62,-
4-Apr-09,52,80,66,-
5-Apr-09,56,78,67,-
6-Apr-09,46,63,54.5,-
7-Apr-09,39,70,54.5,-
8-Apr-09,46,83,64.5,-
9-Apr-09,64,79,71.5,-
10-Apr-09,66,83,74.5,-
11-Apr-09,59,73,66,-
12-Apr-09,59,80,69.5,1.01
13-Apr-09,57,76,66.5,-
14-Apr-09,48,79,63.5,-
15-Apr-09,50,76,63,-
16-Apr-09,57,77,67,-
17-Apr-09,63,71,67,1.82
18-Apr-09,65,72,68.5,5.27
19-Apr-09,62,78,70,-
20-Apr-09,56,79,67.5,-
21-Apr-09,56,87,71.5,-
22-Apr-09,58,90,74,-
23-Apr-09,68,84,76,-
24-Apr-09,66,81,73.5,0.21
25-Apr-09,68,83,75.5,0.05
26-Apr-09,72,82,77,-
27-Apr-09,64,83,73.5,0.72
28-Apr-09,67,80,73.5,1.08
29-Apr-09,73,84,78.5,-
30-Apr-09,71,84,77.5,0.02
1-May-09,74,86,80,-
2-May-09,76,87,81.5,-
3-May-09,67,86,76.5,-
4-May-09,62,86,74,-
5-May-09,71,88,79.5,-
6-May-09,75,89,82,-
7-May-09,76,90,83,-
8-May-09,77,90,83.5,-
9-May-09,73,91,82,-
10-May-09,73,90,81.5,-
11-May-09,74,89,81.5,0.03
12-May-09,71,89,80,-
13-May-09,72,91,81.5,-
14-May-09,72,89,80.5,-
15-May-09,71,90,80.5,-
16-May-09,69,90,79.5,0.16
17-May-09,61,76,68.5,-
18-May-09,56,79,67.5,-
19-May-09,56,82,69,-
20-May-09,55,84,69.5,-
21-May-09,63,90,76.5,-
22-May-09,68,84,76,0.07
23-May-09,68,85,76.5,-
24-May-09,70,83,76.5,0.12
25-May-09,67,90,78.5,-
26-May-09,76,92,84,-
27-May-09,71,85,78,-
28-May-09,69,90,79.5,-
29-May-09,65,92,78.5,-
30-May-09,65,94,79.5,-
31-May-09,66,89,77.5,-
1-Jun-09,63,89,76,-
2-Jun-09,68,91,79.5,-
3-Jun-09,71,95,83,-
4-Jun-09,69,86,77.5,-
5-Jun-09,66,90,78,-
6-Jun-09,66,91,78.5,-
7-Jun-09,65,92,78.5,-
8-Jun-09,69,93,81,-
9-Jun-09,73,95,84,-
10-Jun-09,75,95,85,-
11-Jun-09,79,96,87.5,-
12-Jun-09,78,98,88,-
13-Jun-09,78,98,88,-
14-Jun-09,75,97,86,-
15-Jun-09,75,98,86.5,-
16-Jun-09,77,98,87.5,-
17-Jun-09,78,97,87.5,-
18-Jun-09,79,98,88.5,-
19-Jun-09,77,98,87.5,-
20-Jun-09,75,97,86,-
21-Jun-09,74,98,86,-
22-Jun-09,75,99,87,-
23-Jun-09,78,101,89.5,-
24-Jun-09,79,104,91.5,-
25-Jun-09,80,102,91,-
26-Jun-09,77,104,90.5,-
27-Jun-09,82,101,91.5,-
28-Jun-09,81,102,91.5,-
29-Jun-09,77,103,90,-
30-Jun-09,78,97,87.5,-
1-Jul-09,77,98,87.5,-
2-Jul-09,76,101,88.5,-
3-Jul-09,75,100,87.5,-
4-Jul-09,81,101,91,-
5-Jul-09,80,102,91,-
6-Jul-09,81,98,89.5,-
7-Jul-09,73,91,82,1.48
8-Jul-09,80,98,89,-
9-Jul-09,80,99,89.5,-
10-Jul-09,81,98,89.5,-
11-Jul-09,78,98,88,-
12-Jul-09,77,98,87.5,-
13-Jul-09,80,98,89,-
14-Jul-09,80,98,89,-
15-Jul-09,79,99,89,-
16-Jul-09,79,98,88.5,-
17-Jul-09,77,92,84.5,-
18-Jul-09,74,98,86,0.27
19-Jul-09,71,93,82,-
20-Jul-09,77,94,85.5,0.01
21-Jul-09,81,96,88.5,-
22-Jul-09,74,96,85,0.44
23-Jul-09,75,97,86,0.17
24-Jul-09,75,91,83,-
25-Jul-09,76,97,86.5,-
26-Jul-09,79,97,88,-
27-Jul-09,78,94,86,0.11
28-Jul-09,81,97,89,-
29-Jul-09,81,97,89,-
30-Jul-09,83,99,91,0.02
31-Jul-09,77,87,82,0.34
1-Aug-09,81,98,89.5,-
2-Aug-09,82,96,89,-
3-Aug-09,78,100,89,-
4-Aug-09,75,97,86,-
5-Aug-09,78,100,89,-
6-Aug-09,80,100,90,-
7-Aug-09,77,99,88,-
8-Aug-09,76,96,86,-
9-Aug-09,77,93,85,0.19
10-Aug-09,77,96,86.5,-
11-Aug-09,76,99,87.5,-
12-Aug-09,76,101,88.5,0.65
13-Aug-09,75,97,86,-
14-Aug-09,74,96,85,-
15-Aug-09,75,96,85.5,-
16-Aug-09,75,96,85.5,-
17-Aug-09,76,97,86.5,-
18-Aug-09,76,95,85.5,0.02
19-Aug-09,76,95,85.5,-
20-Aug-09,77,100,88.5,-
21-Aug-09,73,100,86.5,0.73
22-Aug-09,74,98,86,-
23-Aug-09,76,96,86,-
24-Aug-09,77,96,86.5,-
25-Aug-09,75,96,85.5,-
26-Aug-09,78,92,85,-
27-Aug-09,74,93,83.5,-
28-Aug-09,73,95,84,0.52
29-Aug-09,73,93,83,-
30-Aug-09,75,94,84.5,-
31-Aug-09,73,87,80,-
1-Sep-09,70,85,77.5,-
2-Sep-09,66,93,79.5,-
3-Sep-09,70,94,82,-
4-Sep-09,70,85,77.5,0.79
5-Sep-09,73,94,83.5,-
6-Sep-09,72,93,82.5,-
7-Sep-09,72,94,83,-
8-Sep-09,72,92,82,-
9-Sep-09,75,85,80,0.25
10-Sep-09,75,87,81,0.01
11-Sep-09,75,84,79.5,0.19
12-Sep-09,74,79,76.5,0.01
13-Sep-09,74,87,80.5,0.82
14-Sep-09,72,89,80.5,-
15-Sep-09,73,82,77.5,-
16-Sep-09,72,89,80.5,-
17-Sep-09,72,81,76.5,-
18-Sep-09,73,85,79,-
19-Sep-09,72,87,79.5,-
20-Sep-09,71,91,81,-
21-Sep-09,76,93,84.5,-
22-Sep-09,68,80,74,1.61
23-Sep-09,67,80,73.5,-
24-Sep-09,65,74,69.5,0.07
25-Sep-09,68,83,75.5,-
26-Sep-09,72,90,81,-
27-Sep-09,72,92,82,-
28-Sep-09,73,94,83.5,0.9
29-Sep-09,65,81,73,-
30-Sep-09,62,87,74.5,-
1-Oct-09,71,91,81,-
2-Oct-09,64,85,74.5,0.62
3-Oct-09,69,78,73.5,0.27
4-Oct-09,74,87,80.5,0.37
5-Oct-09,70,85,77.5,0.38
6-Oct-09,78,93,85.5,-
7-Oct-09,77,91,84,0.08
8-Oct-09,82,92,87,-
9-Oct-09,59,85,72,0.94
10-Oct-09,57,67,62,-
11-Oct-09,60,64,62,0.05
12-Oct-09,64,85,74.5,1.24
13-Oct-09,74,85,79.5,0.42
14-Oct-09,78,91,84.5,-
15-Oct-09,69,92,80.5,-
16-Oct-09,60,80,70,-
17-Oct-09,55,77,66,-
18-Oct-09,49,72,60.5,-
19-Oct-09,49,78,63.5,-
20-Oct-09,62,82,72,-
21-Oct-09,68,81,74.5,0.59
22-Oct-09,57,75,66,2.66
23-Oct-09,50,71,60.5,-
24-Oct-09,48,76,62,-
25-Oct-09,54,81,67.5,-
26-Oct-09,58,72,65,2.42
27-Oct-09,54,69,61.5,-
28-Oct-09,51,81,66,0.04
29-Oct-09,57,84,70.5,2.09
30-Oct-09,50,66,58,0.55
31-Oct-09,47,74,60.5,-
1-Nov-09,48,75,61.5,-
2-Nov-09,51,77,64,-
3-Nov-09,52,78,65,-
4-Nov-09,51,79,65,-
5-Nov-09,53,79,66,-
6-Nov-09,52,79,65.5,-
7-Nov-09,52,79,65.5,-
8-Nov-09,62,73,67.5,0.03
9-Nov-09,64,75,69.5,0.04
10-Nov-09,61,80,70.5,-
11-Nov-09,59,79,69,-
12-Nov-09,53,74,63.5,-
13-Nov-09,48,78,63,-
14-Nov-09,59,81,70,-
15-Nov-09,62,80,71,0.01
16-Nov-09,46,71,58.5,0.24
17-Nov-09,43,64,53.5,-
18-Nov-09,40,71,55.5,-
19-Nov-09,45,74,59.5,-
20-Nov-09,58,69,63.5,0.19
21-Nov-09,50,58,54,0.68
22-Nov-09,47,69,58,-
23-Nov-09,46,74,60,-
24-Nov-09,52,68,60,0.06
25-Nov-09,43,67,55,-
26-Nov-09,43,67,55,-
27-Nov-09,39,67,53,-
28-Nov-09,51,71,61,-
29-Nov-09,66,79,72.5,0.01
30-Nov-09,50,58,54,0.42
1-Dec-09,48,52,50,1.39
2-Dec-09,46,52,49,-
3-Dec-09,39,56,47.5,-
4-Dec-09,31,46,38.5,0.24
5-Dec-09,26,49,37.5,-
6-Dec-09,36,59,47.5,0.16
7-Dec-09,51,59,55,0.47
8-Dec-09,56,77,66.5,0.02
9-Dec-09,39,62,50.5,-
10-Dec-09,34,53,43.5,-
11-Dec-09,44,51,47.5,0.45
12-Dec-09,46,56,51,0.73
13-Dec-09,48,54,51,0.01
14-Dec-09,53,63,58,0.13
15-Dec-09,48,63,55.5,0.33
16-Dec-09,43,56,49.5,-
17-Dec-09,45,51,48,0.55
18-Dec-09,41,66,53.5,-
19-Dec-09,42,63,52.5,-
20-Dec-09,34,60,47,-
21-Dec-09,36,68,52,-
22-Dec-09,49,71,60,0.03
23-Dec-09,66,76,71,-
24-Dec-09,37,72,54.5,0.19
25-Dec-09,32,49,40.5,-
26-Dec-09,35,53,44,-
27-Dec-09,35,59,47,-
28-Dec-09,34,54,44,-
29-Dec-09,33,48,40.5,0.16
30-Dec-09,43,54,48.5,0.69
31-Dec-09,47,58,52.5,-
1-Jan-10,38,56,47,-
2-Jan-10,31,56,43.5,-
3-Jan-10,37,49,43,-
4-Jan-10,34,48,41,-
5-Jan-10,28,50,39,-
6-Jan-10,29,54,41.5,-
7-Jan-10,30,52,41,0.12
8-Jan-10,25,33,29,-
9-Jan-10,20,43,31.5,-
10-Jan-10,22,45,33.5,-
11-Jan-10,23,57,40,-
12-Jan-10,33,64,48.5,-
13-Jan-10,33,59,46,-
14-Jan-10,47,59,53,0.09
15-Jan-10,50,54,52,0.39
16-Jan-10,45,52,48.5,0.04
17-Jan-10,41,64,52.5,-
18-Jan-10,38,70,54,-
19-Jan-10,59,78,68.5,-
20-Jan-10,65,74,69.5,0.03
21-Jan-10,50,78,64,-
22-Jan-10,44,75,59.5,-
23-Jan-10,54,74,64,-
24-Jan-10,50,68,59,-
25-Jan-10,37,66,51.5,-
26-Jan-10,40,69,54.5,-
27-Jan-10,43,67,55,-
28-Jan-10,56,66,61,0.18
29-Jan-10,38,67,52.5,1.69
30-Jan-10,34,39,36.5,-
31-Jan-10,34,45,39.5,-
1-Feb-10,36,49,42.5,0.01
2-Feb-10,48,59,53.5,-
3-Feb-10,47,54,50.5,0.82
4-Feb-10,47,55,51,0.25
5-Feb-10,45,60,52.5,-
6-Feb-10,41,63,52,-
7-Feb-10,38,53,45.5,-
8-Feb-10,46,69,57.5,0.77
9-Feb-10,38,51,44.5,-
10-Feb-10,32,48,40,0.01
11-Feb-10,37,43,40,1.3
12-Feb-10,36,41,38.5,0.18
13-Feb-10,35,49,42,-
14-Feb-10,36,68,52,-
15-Feb-10,33,52,42.5,-
16-Feb-10,30,57,43.5,-
17-Feb-10,32,61,46.5,-
18-Feb-10,31,63,47,-
19-Feb-10,44,60,52,-
20-Feb-10,46,69,57.5,-
21-Feb-10,54,72,63,0.01
22-Feb-10,45,58,51.5,-
23-Feb-10,35,47,41,0.17
24-Feb-10,35,54,44.5,-
25-Feb-10,29,62,45.5,-
26-Feb-10,45,67,56,0.01
27-Feb-10,43,63,53,-
28-Feb-10,38,65,51.5,-
1-Mar-10,45,59,52,0.62
2-Mar-10,41,59,50,-
3-Mar-10,35,64,49.5,-
4-Mar-10,40,67,53.5,-
5-Mar-10,42,64,53,-
6-Mar-10,43,69,56,-
7-Mar-10,47,66,56.5,-
8-Mar-10,56,66,61,0.29
9-Mar-10,64,80,72,-
10-Mar-10,62,77,69.5,-
11-Mar-10,56,79,67.5,-
12-Mar-10,50,69,59.5,-
13-Mar-10,50,73,61.5,-
14-Mar-10,45,81,63,-
15-Mar-10,55,76,65.5,-
16-Mar-10,54,60,57,0.04
17-Mar-10,49,71,60,-
18-Mar-10,47,71,59,-
19-Mar-10,45,74,59.5,-
20-Mar-10,39,63,51,0.49
21-Mar-10,37,58,47.5,-
22-Mar-10,42,69,55.5,-
23-Mar-10,39,74,56.5,-
24-Mar-10,55,65,60,0.04
25-Mar-10,50,68,59,0.4
26-Mar-10,46,72,59,-
27-Mar-10,55,79,67,-
28-Mar-10,53,69,61,-
29-Mar-10,45,74,59.5,-
30-Mar-10,46,78,62,-
31-Mar-10,56,80,68,-
1-Apr-10,62,78,70,-
2-Apr-10,67,78,72.5,-
3-Apr-10,59,86,72.5,-
4-Apr-10,68,83,75.5,0.01
5-Apr-10,68,82,75,-
6-Apr-10,68,81,74.5,-
7-Apr-10,61,81,71,0.02
8-Apr-10,48,72,60,-
9-Apr-10,41,73,57,-
10-Apr-10,50,73,61.5,0.02
11-Apr-10,51,80,65.5,-
12-Apr-10,53,80,66.5,-
13-Apr-10,54,80,67,-
14-Apr-10,57,80,68.5,-
15-Apr-10,65,81,73,0.04
16-Apr-10,63,80,71.5,-
17-Apr-10,62,81,71.5,-
18-Apr-10,62,76,69,2.33
19-Apr-10,58,65,61.5,0.15
20-Apr-10,59,77,68,-
21-Apr-10,56,80,68,-
22-Apr-10,58,79,68.5,-
23-Apr-10,72,85,78.5,0.04
24-Apr-10,65,84,74.5,-
25-Apr-10,60,82,71,-
26-Apr-10,54,87,70.5,-
27-Apr-10,57,77,67,0.03
28-Apr-10,52,81,66.5,-
29-Apr-10,63,83,73,-
30-Apr-10,72,79,75.5,0.02
1-May-10,73,87,80,-
2-May-10,61,87,74,-
3-May-10,56,92,74,-
4-May-10,54,89,71.5,-
5-May-10,56,93,74.5,-
6-May-10,63,89,76,-
7-May-10,71,93,82,-
8-May-10,66,83,74.5,-
9-May-10,61,79,70,-
10-May-10,73,88,80.5,-
11-May-10,76,91,83.5,-
12-May-10,76,89,82.5,-
13-May-10,76,86,81,-
14-May-10,68,87,77.5,2.23
15-May-10,68,77,72.5,0.23
16-May-10,68,88,78,-
17-May-10,68,92,80,0.07
18-May-10,67,87,77,-
19-May-10,71,91,81,-
20-May-10,75,91,83,-
21-May-10,75,92,83.5,-
22-May-10,75,91,83,-
23-May-10,77,91,84,-
24-May-10,74,90,82,-
25-May-10,71,89,80,-
26-May-10,69,94,81.5,-
27-May-10,69,94,81.5,-
28-May-10,72,97,84.5,0.01
29-May-10,71,96,83.5,-
30-May-10,71,94,82.5,0.94
31-May-10,73,94,83.5,-
1-Jun-10,73,93,83,-
2-Jun-10,73,93,83,0.09
3-Jun-10,70,82,76,0.35
4-Jun-10,72,91,81.5,-
5-Jun-10,75,93,84,-
6-Jun-10,78,95,86.5,-
7-Jun-10,76,89,82.5,0.07
8-Jun-10,71,86,78.5,0.29
9-Jun-10,79,93,86,-
10-Jun-10,80,92,86,-
11-Jun-10,79,93,86,-
12-Jun-10,81,94,87.5,-
13-Jun-10,81,95,88,-
14-Jun-10,79,96,87.5,-
15-Jun-10,75,93,84,-
16-Jun-10,75,96,85.5,-
17-Jun-10,75,96,85.5,-
18-Jun-10,79,96,87.5,-
19-Jun-10,75,98,86.5,-
20-Jun-10,76,99,87.5,-
21-Jun-10,75,98,86.5,-
22-Jun-10,76,98,87,-
23-Jun-10,77,92,84.5,-
24-Jun-10,75,95,85,0.14
25-Jun-10,76,94,85,0.02
26-Jun-10,75,94,84.5,-
27-Jun-10,77,95,86,-
28-Jun-10,75,91,83,0.15
29-Jun-10,77,95,86,-
30-Jun-10,78,86,82,0.06
1-Jul-10,77,84,80.5,0.33
2-Jul-10,75,84,79.5,2.33
3-Jul-10,74,87,80.5,0.15
4-Jul-10,75,91,83,0.06
5-Jul-10,77,95,86,0.31
6-Jul-10,78,95,86.5,-
7-Jul-10,76,86,81,1.14
8-Jul-10,76,83,79.5,0.6
9-Jul-10,76,91,83.5,-
10-Jul-10,76,94,85,-
11-Jul-10,78,94,86,-
12-Jul-10,77,94,85.5,-
13-Jul-10,80,94,87,-
14-Jul-10,79,96,87.5,-
15-Jul-10,77,96,86.5,-
16-Jul-10,79,97,88,-
17-Jul-10,74,96,85,-
18-Jul-10,76,91,83.5,0.47
19-Jul-10,77,84,80.5,0.02
20-Jul-10,77,92,84.5,0.02
21-Jul-10,76,90,83,0.11
22-Jul-10,78,91,84.5,-
23-Jul-10,76,92,84,-
24-Jul-10,74,94,84,0.02
25-Jul-10,73,96,84.5,-
26-Jul-10,76,93,84.5,0.27
27-Jul-10,73,89,81,0.55
28-Jul-10,77,89,83,-
29-Jul-10,76,92,84,-
30-Jul-10,75,96,85.5,-
31-Jul-10,78,97,87.5,-
1-Aug-10,76,99,87.5,-
2-Aug-10,76,98,87,-
3-Aug-10,77,97,87,-
4-Aug-10,80,98,89,-
5-Aug-10,81,95,88,-
6-Aug-10,79,97,88,-
7-Aug-10,81,98,89.5,-
8-Aug-10,77,98,87.5,-
9-Aug-10,76,98,87,-
10-Aug-10,77,99,88,-
11-Aug-10,79,99,89,-
12-Aug-10,83,96,89.5,-
13-Aug-10,78,98,88,-
14-Aug-10,79,99,89,-
15-Aug-10,80,100,90,-
16-Aug-10,77,101,89,0.32
17-Aug-10,78,98,88,-
18-Aug-10,83,97,90,-
19-Aug-10,79,95,87,-
20-Aug-10,78,96,87,-
21-Aug-10,78,98,88,-
22-Aug-10,79,99,89,-
23-Aug-10,79,102,90.5,-
24-Aug-10,76,99,87.5,-
25-Aug-10,74,99,86.5,-
26-Aug-10,76,98,87,-
27-Aug-10,72,97,84.5,-
28-Aug-10,73,97,85,-
29-Aug-10,77,97,87,0.01
30-Aug-10,79,92,85.5,0.02
31-Aug-10,78,91,84.5,0.67
1-Sep-10,77,92,84.5,-
2-Sep-10,77,94,85.5,0.05
3-Sep-10,72,86,79,0.33
4-Sep-10,73,88,80.5,-
5-Sep-10,69,91,80,-
6-Sep-10,76,88,82,0.87
7-Sep-10,74,81,77.5,2.67
8-Sep-10,77,92,84.5,-
9-Sep-10,76,94,85,-
10-Sep-10,76,94,85,-
11-Sep-10,79,95,87,-
12-Sep-10,78,96,87,-
13-Sep-10,76,94,85,-
14-Sep-10,74,94,84,-
15-Sep-10,72,93,82.5,-
16-Sep-10,69,94,81.5,-
17-Sep-10,76,92,84,-
18-Sep-10,76,87,81.5,-
19-Sep-10,74,88,81,-
20-Sep-10,74,86,80,-
21-Sep-10,72,88,80,1.03
22-Sep-10,74,89,81.5,-
23-Sep-10,75,91,83,-
24-Sep-10,76,92,84,-
25-Sep-10,75,93,84,-
26-Sep-10,70,89,79.5,-
27-Sep-10,60,81,70.5,-
28-Sep-10,57,85,71,-
29-Sep-10,61,90,75.5,-
30-Sep-10,63,91,77,-
1-Oct-10,66,90,78,-
2-Oct-10,58,87,72.5,-
3-Oct-10,57,81,69,-
4-Oct-10,53,77,65,-
5-Oct-10,49,79,64,-
6-Oct-10,49,84,66.5,-
7-Oct-10,51,87,69,-
8-Oct-10,53,89,71,-
9-Oct-10,54,86,70,-
10-Oct-10,56,87,71.5,-
11-Oct-10,65,90,77.5,-
12-Oct-10,67,92,79.5,-
13-Oct-10,62,88,75,-
14-Oct-10,59,84,71.5,-
15-Oct-10,52,85,68.5,-
16-Oct-10,54,86,70,-
17-Oct-10,55,86,70.5,-
18-Oct-10,62,89,75.5,-
19-Oct-10,63,88,75.5,-
20-Oct-10,64,90,77,-
21-Oct-10,64,88,76,-
22-Oct-10,66,86,76,-
23-Oct-10,67,87,77,-
24-Oct-10,69,90,79.5,-
25-Oct-10,73,90,81.5,-
26-Oct-10,78,92,85,-
27-Oct-10,76,94,85,0.02
28-Oct-10,60,83,71.5,-
29-Oct-10,46,77,61.5,-
30-Oct-10,45,79,62,-
31-Oct-10,51,86,68.5,-
1-Nov-10,66,89,77.5,0.57
2-Nov-10,57,68,62.5,0.72
3-Nov-10,57,60,58.5,0.46
4-Nov-10,50,71,60.5,-
5-Nov-10,45,68,56.5,-
6-Nov-10,40,69,54.5,-
7-Nov-10,40,71,55.5,-
8-Nov-10,45,76,60.5,-
9-Nov-10,51,78,64.5,-
10-Nov-10,59,76,67.5,-
11-Nov-10,64,77,70.5,0.16
12-Nov-10,68,83,75.5,-
13-Nov-10,49,71,60,0.35
14-Nov-10,48,56,52,0.11
15-Nov-10,51,67,59,0.04
16-Nov-10,47,68,57.5,-
17-Nov-10,45,79,62,-
18-Nov-10,45,66,55.5,-
19-Nov-10,40,69,54.5,-
20-Nov-10,48,76,62,-
21-Nov-10,57,83,70,-
22-Nov-10,63,84,73.5,-
23-Nov-10,69,85,77,0.06
24-Nov-10,74,82,78,-
25-Nov-10,48,83,65.5,0.03
26-Nov-10,38,56,47,0.16
27-Nov-10,32,61,46.5,-
28-Nov-10,39,70,54.5,-
29-Nov-10,65,81,73,0.09
30-Nov-10,40,68,54,-
1-Dec-10,32,64,48,-
2-Dec-10,37,71,54,-
3-Dec-10,47,76,61.5,-
4-Dec-10,58,80,69,-
5-Dec-10,42,62,52,-
6-Dec-10,35,57,46,-
7-Dec-10,33,62,47.5,0.05
8-Dec-10,37,53,45,-
9-Dec-10,31,63,47,-
10-Dec-10,43,75,59,-
11-Dec-10,55,77,66,-
12-Dec-10,38,57,47.5,-
13-Dec-10,31,58,44.5,-
14-Dec-10,37,71,54,-
15-Dec-10,52,77,64.5,-
16-Dec-10,57,72,64.5,-
17-Dec-10,47,60,53.5,-
18-Dec-10,38,60,49,-
19-Dec-10,37,62,49.5,-
20-Dec-10,56,78,67,-
21-Dec-10,67,82,74.5,-
22-Dec-10,64,76,70,-
23-Dec-10,50,64,57,-
24-Dec-10,46,67,56.5,1.03
25-Dec-10,37,46,41.5,-
26-Dec-10,30,50,40,-
27-Dec-10,29,53,41,-
28-Dec-10,48,64,56,-
29-Dec-10,56,64,60,1.96
30-Dec-10,57,74,65.5,-
31-Dec-10,60,76,68,-
1-Jan-11,43,64,53.5,-
2-Jan-11,34,58,46,-
3-Jan-11,34,60,47,-
4-Jan-11,49,67,58,1.26
5-Jan-11,52,72,62,0.07
6-Jan-11,42,67,54.5,-
7-Jan-11,40,72,56,-
8-Jan-11,42,66,54,-
9-Jan-11,41,53,47,0.76
10-Jan-11,39,43,41,-
11-Jan-11,32,49,40.5,-
12-Jan-11,26,48,37,-
13-Jan-11,32,39,35.5,-
14-Jan-11,39,53,46,-
15-Jan-11,46,65,55.5,0.05
16-Jan-11,53,60,56.5,0.93
17-Jan-11,49,57,53,-
18-Jan-11,49,61,55,0.01
19-Jan-11,40,64,52,-
20-Jan-11,33,64,48.5,-
21-Jan-11,32,48,40,-
22-Jan-11,30,61,45.5,-
23-Jan-11,35,64,49.5,0.02
24-Jan-11,49,53,51,1.94
25-Jan-11,42,58,50,0.02
26-Jan-11,35,61,48,-
27-Jan-11,40,68,54,-
28-Jan-11,45,75,60,-
29-Jan-11,50,75,62.5,-
30-Jan-11,59,74,66.5,0.03
31-Jan-11,57,74,65.5,-
1-Feb-11,25,70,47.5,0.37
2-Feb-11,21,39,30,-
3-Feb-11,28,34,31,-
4-Feb-11,23,31,27,0.08
5-Feb-11,24,60,42,-
6-Feb-11,31,72,51.5,-
7-Feb-11,35,57,46,-
8-Feb-11,30,56,43,-
9-Feb-11,27,49,38,0.22
10-Feb-11,25,42,33.5,-
11-Feb-11,24,56,40,-
12-Feb-11,28,63,45.5,-
13-Feb-11,30,70,50,-
14-Feb-11,43,75,59,-
15-Feb-11,51,74,62.5,-
16-Feb-11,53,72,62.5,-
17-Feb-11,59,78,68.5,-
18-Feb-11,60,80,70,-
19-Feb-11,58,77,67.5,-
20-Feb-11,61,78,69.5,-
21-Feb-11,66,79,72.5,-
22-Feb-11,60,78,69,-
23-Feb-11,66,82,74,-
24-Feb-11,67,80,73.5,-
25-Feb-11,53,77,65,-
26-Feb-11,51,73,62,-
27-Feb-11,67,83,75,-
28-Feb-11,55,78,66.5,-
1-Mar-11,47,76,61.5,-
2-Mar-11,45,77,61,-
3-Mar-11,47,76,61.5,0.01
4-Mar-11,63,79,71,-
5-Mar-11,48,66,57,0.03
6-Mar-11,40,69,54.5,-
7-Mar-11,44,68,56,-
8-Mar-11,62,76,69,0.06
9-Mar-11,52,74,63,-
10-Mar-11,45,70,57.5,-
11-Mar-11,37,75,56,-
12-Mar-11,56,78,67,-
13-Mar-11,59,79,69,-
14-Mar-11,52,69,60.5,0.47
15-Mar-11,44,73,58.5,-
16-Mar-11,56,75,65.5,-
17-Mar-11,67,81,74,-
18-Mar-11,67,83,75,-
19-Mar-11,65,80,72.5,-
20-Mar-11,60,81,70.5,-
21-Mar-11,65,82,73.5,-
22-Mar-11,68,82,75,-
23-Mar-11,69,85,77,-
24-Mar-11,62,83,72.5,-
25-Mar-11,65,83,74,-
26-Mar-11,71,86,78.5,-
27-Mar-11,64,85,74.5,-
28-Mar-11,58,68,63,-
29-Mar-11,61,76,68.5,-
30-Mar-11,55,69,62,0.22
31-Mar-11,49,79,64,-
1-Apr-11,57,86,71.5,-
2-Apr-11,67,83,75,-
3-Apr-11,69,79,74,-
4-Apr-11,53,83,68,0.01
5-Apr-11,41,73,57,-
6-Apr-11,46,80,63,-
7-Apr-11,63,86,74.5,-
8-Apr-11,73,90,81.5,-
9-Apr-11,71,87,79,-
10-Apr-11,71,88,79.5,-
11-Apr-11,64,89,76.5,0.09
12-Apr-11,54,84,69,-
13-Apr-11,50,83,66.5,-
14-Apr-11,71,83,77,-
15-Apr-11,65,85,75,0.01
16-Apr-11,47,84,65.5,-
17-Apr-11,49,81,65,-
18-Apr-11,73,88,80.5,-
19-Apr-11,73,92,82.5,-
20-Apr-11,76,90,83,-
21-Apr-11,76,87,81.5,-
22-Apr-11,74,90,82,-
23-Apr-11,74,88,81,-
24-Apr-11,74,87,80.5,-
25-Apr-11,76,88,82,-
26-Apr-11,77,84,80.5,-
27-Apr-11,66,93,79.5,-
28-Apr-11,57,83,70,-
29-Apr-11,53,82,67.5,-
30-Apr-11,72,88,80,-
1-May-11,70,90,80,-
2-May-11,58,84,71,-
3-May-11,55,77,66,-
4-May-11,50,78,64,-
5-May-11,53,83,68,-
6-May-11,56,86,71,-
7-May-11,64,91,77.5,-
8-May-11,73,93,83,-
9-May-11,76,94,85,-
10-May-11,76,91,83.5,-
11-May-11,76,85,80.5,0.09
12-May-11,66,84,75,0.23
13-May-11,61,93,77,-
14-May-11,60,82,71,-
15-May-11,56,84,70,-
16-May-11,64,87,75.5,-
17-May-11,57,83,70,-
18-May-11,63,80,71.5,-
19-May-11,74,88,81,-
20-May-11,79,93,86,-
21-May-11,74,89,81.5,-
22-May-11,76,92,84,-
23-May-11,76,92,84,-
24-May-11,78,94,86,-
25-May-11,79,95,87,-
26-May-11,72,98,85,-
27-May-11,70,97,83.5,0.01
28-May-11,77,95,86,-
29-May-11,77,94,85.5,-
30-May-11,79,95,87,-
31-May-11,75,96,85.5,-
1-Jun-11,70,98,84,-
2-Jun-11,72,100,86,-
3-Jun-11,73,96,84.5,-
4-Jun-11,71,98,84.5,-
5-Jun-11,75,105,90,-
6-Jun-11,72,105,88.5,0.11
7-Jun-11,70,95,82.5,-
8-Jun-11,73,95,84,-
9-Jun-11,72,95,83.5,-
10-Jun-11,72,94,83,-
11-Jun-11,71,96,83.5,-
12-Jun-11,70,98,84,-
13-Jun-11,72,99,85.5,-
14-Jun-11,77,99,88,-
15-Jun-11,76,100,88,-
16-Jun-11,77,99,88,-
17-Jun-11,82,100,91,-
18-Jun-11,82,100,91,-
19-Jun-11,82,99,90.5,-
20-Jun-11,81,97,89,-
21-Jun-11,82,98,90,-
22-Jun-11,69,84,76.5,0.8
23-Jun-11,74,92,83,0.01
24-Jun-11,73,93,83,-
25-Jun-11,75,96,85.5,-
26-Jun-11,79,97,88,-
27-Jun-11,79,97,88,-
28-Jun-11,77,98,87.5,-
29-Jun-11,75,99,87,-
30-Jun-11,74,100,87,-
1-Jul-11,76,99,87.5,-
2-Jul-11,74,102,88,0.58
3-Jul-11,76,98,87,-
4-Jul-11,78,97,87.5,-
5-Jul-11,75,99,87,0.01
6-Jul-11,75,97,86,0.1
7-Jul-11,73,97,85,-
8-Jul-11,77,97,87,-
9-Jul-11,80,97,88.5,-
10-Jul-11,76,97,86.5,0.07
11-Jul-11,77,97,87,-
12-Jul-11,79,96,87.5,-
13-Jul-11,78,99,88.5,-
14-Jul-11,81,100,90.5,0.01
15-Jul-11,82,96,89,-
16-Jul-11,81,94,87.5,0.06
17-Jul-11,75,98,86.5,-
18-Jul-11,79,94,86.5,0.14
19-Jul-11,75,86,80.5,0.5
20-Jul-11,76,94,85,-
21-Jul-11,77,97,87,-
22-Jul-11,78,96,87,-
23-Jul-11,77,99,88,-
24-Jul-11,77,100,88.5,-
25-Jul-11,81,99,90,-
26-Jul-11,81,100,90.5,-
27-Jul-11,78,99,88.5,0.6
28-Jul-11,78,96,87,-
29-Jul-11,78,90,84,-
30-Jul-11,77,95,86,0.16
31-Jul-11,73,98,85.5,-
1-Aug-11,79,100,89.5,-
2-Aug-11,81,100,90.5,-
3-Aug-11,81,101,91,-
4-Aug-11,80,101,90.5,-
5-Aug-11,79,101,90,-
6-Aug-11,81,101,91,-
7-Aug-11,81,101,91,-
8-Aug-11,80,102,91,-
9-Aug-11,81,102,91.5,-
10-Aug-11,81,102,91.5,-
11-Aug-11,79,102,90.5,-
12-Aug-11,81,101,91,-
13-Aug-11,77,101,89,-
14-Aug-11,80,100,90,0.07
15-Aug-11,79,100,89.5,-
16-Aug-11,77,102,89.5,-
17-Aug-11,78,103,90.5,-
18-Aug-11,81,104,92.5,-
19-Aug-11,79,104,91.5,-
20-Aug-11,81,102,91.5,-
21-Aug-11,75,103,89,-
22-Aug-11,77,101,89,-
23-Aug-11,79,102,90.5,-
24-Aug-11,78,102,90,-
25-Aug-11,76,95,85.5,0.02
26-Aug-11,76,104,90,-
27-Aug-11,81,109,95,-
28-Aug-11,75,107,91,-
29-Aug-11,75,107,91,-
30-Aug-11,76,102,89,-
31-Aug-11,75,101,88,-
1-Sep-11,77,102,89.5,-
2-Sep-11,78,102,90,-
3-Sep-11,75,96,85.5,0.05
4-Sep-11,75,89,82,-
5-Sep-11,68,95,81.5,-
6-Sep-11,59,94,76.5,-
7-Sep-11,59,94,76.5,-
8-Sep-11,61,95,78,-
9-Sep-11,62,98,80,-
10-Sep-11,67,98,82.5,-
11-Sep-11,68,99,83.5,-
12-Sep-11,71,101,86,-
13-Sep-11,78,102,90,-
14-Sep-11,78,100,89,-
15-Sep-11,77,97,87,-
16-Sep-11,69,93,81,-
17-Sep-11,73,91,82,0.76
18-Sep-11,74,87,80.5,0.01
19-Sep-11,66,88,77,0.42
20-Sep-11,66,93,79.5,-
21-Sep-11,66,94,80,-
22-Sep-11,70,95,82.5,-
23-Sep-11,68,92,80,-
24-Sep-11,65,95,80,-
25-Sep-11,77,97,87,-
26-Sep-11,76,97,86.5,-
27-Sep-11,77,97,87,-
28-Sep-11,72,97,84.5,-
29-Sep-11,69,96,82.5,0.29
30-Sep-11,66,91,78.5,-
1-Oct-11,56,86,71,-
2-Oct-11,54,87,70.5,-
3-Oct-11,55,85,70,-
4-Oct-11,54,85,69.5,-
5-Oct-11,56,87,71.5,-
6-Oct-11,64,91,77.5,-
7-Oct-11,71,90,80.5,-
8-Oct-11,70,91,80.5,-
9-Oct-11,66,76,71,1.56
10-Oct-11,68,86,77,-
11-Oct-11,65,89,77,-
12-Oct-11,65,87,76,-
13-Oct-11,64,87,75.5,0.01
14-Oct-11,56,86,71,-
15-Oct-11,58,87,72.5,-
16-Oct-11,58,87,72.5,-
17-Oct-11,63,88,75.5,0.01
18-Oct-11,56,74,65,-
19-Oct-11,52,73,62.5,-
20-Oct-11,44,77,60.5,-
21-Oct-11,55,84,69.5,-
22-Oct-11,58,85,71.5,-
23-Oct-11,63,85,74,0.01
24-Oct-11,65,88,76.5,-
25-Oct-11,67,86,76.5,-
26-Oct-11,64,86,75,-
27-Oct-11,57,87,72,0.21
28-Oct-11,50,62,56,0.1
29-Oct-11,44,68,56,-
30-Oct-11,44,73,58.5,-
31-Oct-11,48,77,62.5,-
1-Nov-11,50,78,64,-
2-Nov-11,60,84,72,-
3-Nov-11,48,66,57,-
4-Nov-11,41,69,55,-
5-Nov-11,39,73,56,-
6-Nov-11,64,82,73,-
7-Nov-11,69,81,75,-
8-Nov-11,67,81,74,1.24
9-Nov-11,54,67,60.5,0.01
10-Nov-11,45,66,55.5,-
11-Nov-11,38,68,53,-
12-Nov-11,50,76,63,-
13-Nov-11,67,83,75,-
14-Nov-11,68,82,75,-
15-Nov-11,65,80,72.5,1.99
16-Nov-11,60,81,70.5,-
17-Nov-11,47,67,57,-
18-Nov-11,41,69,55,-
19-Nov-11,65,78,71.5,-
20-Nov-11,73,84,78.5,-
21-Nov-11,74,82,78,-
22-Nov-11,57,75,66,0.5
23-Nov-11,51,73,62,-
24-Nov-11,47,63,55,-
25-Nov-11,48,76,62,-
26-Nov-11,53,70,61.5,0.97
27-Nov-11,40,53,46.5,-
28-Nov-11,34,58,46,-
29-Nov-11,36,67,51.5,-
30-Nov-11,41,64,52.5,-
1-Dec-11,39,73,56,-
2-Dec-11,53,71,62,-
3-Dec-11,61,77,69,0.01
4-Dec-11,55,72,63.5,0.31
5-Dec-11,44,55,49.5,0.98
6-Dec-11,34,44,39,-
7-Dec-11,29,50,39.5,-
8-Dec-11,29,57,43,-
9-Dec-11,47,60,53.5,-
10-Dec-11,47,58,52.5,-
11-Dec-11,40,57,48.5,-
12-Dec-11,43,65,54,-
13-Dec-11,56,65,60.5,-
14-Dec-11,63,77,70,-
15-Dec-11,66,77,71.5,0.1
16-Dec-11,52,68,60,0.01
17-Dec-11,50,64,57,-
18-Dec-11,46,65,55.5,-
19-Dec-11,51,72,61.5,0.04
20-Dec-11,50,70,60,0.35
21-Dec-11,43,60,51.5,-
22-Dec-11,49,57,53,1.53
23-Dec-11,48,56,52,-
24-Dec-11,43,51,47,0.79
25-Dec-11,42,48,45,0.18
26-Dec-11,41,51,46,-
27-Dec-11,37,62,49.5,-
28-Dec-11,34,66,50,-
29-Dec-11,43,63,53,-
30-Dec-11,40,73,56.5,-
31-Dec-11,55,75,65,-
1-Jan-12,49,72,60.5,-
2-Jan-12,43,62,52.5,-
3-Jan-12,32,57,44.5,-
4-Jan-12,39,74,56.5,0.01
5-Jan-12,52,75,63.5,-
6-Jan-12,55,75,65,-
7-Jan-12,54,76,65,-
8-Jan-12,64,78,71,0.02
9-Jan-12,61,70,65.5,1.12
10-Jan-12,46,61,53.5,0.01
11-Jan-12,42,71,56.5,-
12-Jan-12,35,60,47.5,-
13-Jan-12,30,55,42.5,-
14-Jan-12,31,64,47.5,-
15-Jan-12,34,70,52,-
16-Jan-12,65,78,71.5,-
17-Jan-12,50,77,63.5,0.05
18-Jan-12,39,64,51.5,-
19-Jan-12,50,73,61.5,-
20-Jan-12,66,81,73.5,-
21-Jan-12,60,73,66.5,0.01
22-Jan-12,60,79,69.5,-
23-Jan-12,53,70,61.5,-
24-Jan-12,51,69,60,0.07
25-Jan-12,54,73,63.5,1.1
26-Jan-12,50,65,57.5,-
27-Jan-12,38,67,52.5,-
28-Jan-12,45,65,55,-
29-Jan-12,39,65,52,-
30-Jan-12,41,69,55,-
31-Jan-12,56,72,64,0.97
1-Feb-12,67,79,73,0.04
2-Feb-12,67,74,70.5,0.01
3-Feb-12,67,76,71.5,0.68
4-Feb-12,54,72,63,1.07
5-Feb-12,47,54,50.5,-
6-Feb-12,43,61,52,-
7-Feb-12,49,65,57,-
8-Feb-12,48,64,56,-
9-Feb-12,43,59,51,0.1
10-Feb-12,47,60,53.5,0.95
11-Feb-12,38,55,46.5,-
12-Feb-12,34,45,39.5,0.01
13-Feb-12,43,60,51.5,0.47
14-Feb-12,45,71,58,-
15-Feb-12,58,71,64.5,0.41
16-Feb-12,56,69,62.5,-
17-Feb-12,55,64,59.5,0.97
18-Feb-12,53,63,58,1.28
19-Feb-12,50,64,57,-
20-Feb-12,46,66,56,-
21-Feb-12,53,75,64,-
22-Feb-12,63,81,72,-
23-Feb-12,69,82,75.5,-
24-Feb-12,54,73,63.5,-
25-Feb-12,43,60,51.5,-
26-Feb-12,39,67,53,-
27-Feb-12,59,71,65,-
28-Feb-12,61,77,69,-
29-Feb-12,71,84,77.5,-
1-Mar-12,70,82,76,-
2-Mar-12,67,83,75,-
3-Mar-12,49,67,58,-
4-Mar-12,42,73,57.5,-
5-Mar-12,44,78,61,-
6-Mar-12,52,75,63.5,-
7-Mar-12,67,78,72.5,0.12
8-Mar-12,57,80,68.5,0.01
9-Mar-12,49,58,53.5,1.07
10-Mar-12,50,63,56.5,0.63
11-Mar-12,56,71,63.5,0.84
12-Mar-12,57,79,68,-
13-Mar-12,67,79,73,0.01
14-Mar-12,66,81,73.5,-
15-Mar-12,68,82,75,-
16-Mar-12,65,82,73.5,-
17-Mar-12,68,81,74.5,-
18-Mar-12,71,82,76.5,-
19-Mar-12,73,81,77,0.07
20-Mar-12,59,74,66.5,1.8
21-Mar-12,54,73,63.5,0.06
22-Mar-12,57,81,69,-
23-Mar-12,54,84,69,-
24-Mar-12,57,84,70.5,-
25-Mar-12,59,86,72.5,-
26-Mar-12,59,85,72,-
27-Mar-12,59,83,71,-
28-Mar-12,60,80,70,0.08
29-Mar-12,66,76,71,0.39
30-Mar-12,66,82,74,-
31-Mar-12,65,86,75.5,-
1-Apr-12,69,86,77.5,-
2-Apr-12,66,80,73,0.21
3-Apr-12,73,84,78.5,-
4-Apr-12,68,82,75,-
5-Apr-12,65,86,75.5,-
6-Apr-12,61,84,72.5,-
7-Apr-12,60,84,72,-
8-Apr-12,62,84,73,-
9-Apr-12,64,84,74,-
10-Apr-12,61,85,73,-
11-Apr-12,63,87,75,-
12-Apr-12,65,83,74,-
13-Apr-12,65,84,74.5,-
14-Apr-12,75,84,79.5,-
15-Apr-12,69,85,77,0.09
16-Apr-12,63,71,67,2.22
17-Apr-12,62,83,72.5,-
18-Apr-12,55,82,68.5,-
19-Apr-12,55,82,68.5,-
20-Apr-12,59,79,69,0.76
21-Apr-12,54,76,65,-
22-Apr-12,52,86,69,-
23-Apr-12,57,78,67.5,-
24-Apr-12,52,83,67.5,-
25-Apr-12,66,88,77,-
26-Apr-12,71,87,79,-
27-Apr-12,71,85,78,-
28-Apr-12,72,86,79,-
29-Apr-12,73,84,78.5,-
30-Apr-12,74,85,79.5,-
1-May-12,71,86,78.5,-
2-May-12,68,91,79.5,-
3-May-12,71,89,80,-
4-May-12,69,90,79.5,-
5-May-12,70,91,80.5,-
6-May-12,72,88,80,-
7-May-12,68,91,79.5,0.07
8-May-12,68,87,77.5,0.01
9-May-12,68,86,77,-
10-May-12,65,83,74,0.01
11-May-12,67,83,75,0.43
12-May-12,69,83,76,0.11
13-May-12,65,85,75,-
14-May-12,63,87,75,0.1
15-May-12,66,73,69.5,0.06
16-May-12,63,85,74,-
17-May-12,64,90,77,-
18-May-12,65,88,76.5,-
19-May-12,62,88,75,-
20-May-12,65,89,77,-
21-May-12,70,93,81.5,-
22-May-12,72,93,82.5,-
23-May-12,72,90,81,-
24-May-12,75,90,82.5,-
25-May-12,78,91,84.5,-
26-May-12,75,91,83,-
27-May-12,70,92,81,-
28-May-12,70,94,82,-
29-May-12,72,95,83.5,-
30-May-12,74,94,84,-
31-May-12,74,90,82,-
1-Jun-12,71,93,82,-
2-Jun-12,68,94,81,-
3-Jun-12,72,95,83.5,-
4-Jun-12,77,95,86,-
5-Jun-12,74,96,85,-
6-Jun-12,76,97,86.5,-
7-Jun-12,72,94,83,0.04
8-Jun-12,72,92,82,0.49
9-Jun-12,71,92,81.5,-
10-Jun-12,73,95,84,-
11-Jun-12,80,97,88.5,-
12-Jun-12,69,95,82,-
13-Jun-12,70,91,80.5,-
14-Jun-12,75,94,84.5,-
15-Jun-12,74,94,84,-
16-Jun-12,74,86,80,-
17-Jun-12,72,91,81.5,-
18-Jun-12,73,86,79.5,-
19-Jun-12,73,84,78.5,0.27
20-Jun-12,72,87,79.5,-
21-Jun-12,72,91,81.5,-
22-Jun-12,74,94,84,-
23-Jun-12,73,96,84.5,-
24-Jun-12,77,99,88,-
25-Jun-12,77,102,89.5,-
26-Jun-12,79,105,92,-
27-Jun-12,78,101,89.5,-
28-Jun-12,76,96,86,-
29-Jun-12,75,92,83.5,-
30-Jun-12,72,84,78,1.09
1-Jul-12,74,85,79.5,0.02
2-Jul-12,74,91,82.5,-
3-Jul-12,74,93,83.5,-
4-Jul-12,73,93,83,0.02
5-Jul-12,73,93,83,-
6-Jul-12,74,95,84.5,-
7-Jul-12,76,95,85.5,-
8-Jul-12,76,83,79.5,-
9-Jul-12,74,90,82,0.5
10-Jul-12,74,84,79,0.25
11-Jul-12,74,82,78,0.43
12-Jul-12,72,81,76.5,2.04
13-Jul-12,73,81,77,0.58
14-Jul-12,72,89,80.5,-
15-Jul-12,72,87,79.5,1
16-Jul-12,73,91,82,-
17-Jul-12,74,92,83,-
18-Jul-12,73,92,82.5,-
19-Jul-12,74,94,84,-
20-Jul-12,79,94,86.5,-
21-Jul-12,78,95,86.5,-
22-Jul-12,75,93,84,0.03
23-Jul-12,76,88,82,0.01
24-Jul-12,74,91,82.5,-
25-Jul-12,75,93,84,-
26-Jul-12,79,94,86.5,-
27-Jul-12,75,95,85,-
28-Jul-12,78,96,87,-
29-Jul-12,79,95,87,-
30-Jul-12,78,96,87,-
31-Jul-12,79,97,88,-
1-Aug-12,79,96,87.5,-
2-Aug-12,79,95,87,-
3-Aug-12,80,97,88.5,-
4-Aug-12,78,96,87,-
5-Aug-12,76,94,85,0.04
6-Aug-12,75,97,86,-
7-Aug-12,76,97,86.5,-
8-Aug-12,75,96,85.5,-
9-Aug-12,77,97,87,-
10-Aug-12,79,98,88.5,-
11-Aug-12,78,98,88,-
12-Aug-12,77,97,87,-
13-Aug-12,80,98,89,-
14-Aug-12,80,98,89,-
15-Aug-12,79,98,88.5,-
16-Aug-12,78,98,88,-
17-Aug-12,78,97,87.5,-
18-Aug-12,73,94,83.5,0.1
19-Aug-12,73,90,81.5,0.27
20-Aug-12,75,96,85.5,-
21-Aug-12,72,91,81.5,-
22-Aug-12,75,91,83,-
23-Aug-12,74,90,82,0.49
24-Aug-12,75,88,81.5,0.19
25-Aug-12,75,91,83,0.01
26-Aug-12,75,92,83.5,-
27-Aug-12,74,96,85,-
28-Aug-12,78,97,87.5,-
29-Aug-12,80,98,89,-
30-Aug-12,78,99,88.5,-
31-Aug-12,81,96,88.5,-
1-Sep-12,76,91,83.5,0.23
2-Sep-12,76,96,86,-
3-Sep-12,77,96,86.5,-
4-Sep-12,77,97,87,-
5-Sep-12,75,98,86.5,-
6-Sep-12,75,97,86,-
7-Sep-12,76,96,86,-
8-Sep-12,70,87,78.5,-
9-Sep-12,64,91,77.5,-
10-Sep-12,62,89,75.5,-
11-Sep-12,64,90,77,-
12-Sep-12,71,88,79.5,0.31
13-Sep-12,70,84,77,0.41
14-Sep-12,71,89,80,0.13
15-Sep-12,70,89,79.5,-
16-Sep-12,71,88,79.5,0.05
17-Sep-12,70,83,76.5,0.23
18-Sep-12,69,88,78.5,-
19-Sep-12,65,85,75,-
20-Sep-12,59,88,73.5,-
21-Sep-12,59,88,73.5,-
22-Sep-12,68,92,80,-
23-Sep-12,68,92,80,-
24-Sep-12,69,91,80,-
25-Sep-12,69,91,80,-
26-Sep-12,71,91,81,-
27-Sep-12,70,88,79,-
28-Sep-12,73,91,82,-
29-Sep-12,73,80,76.5,0.66
30-Sep-12,64,77,70.5,-
1-Oct-12,59,84,71.5,-
2-Oct-12,61,83,72,-
3-Oct-12,59,85,72,-
4-Oct-12,63,88,75.5,-
5-Oct-12,66,88,77,-
6-Oct-12,61,86,73.5,-
7-Oct-12,54,68,61,-
8-Oct-12,53,72,62.5,-
9-Oct-12,57,84,70.5,-
10-Oct-12,65,90,77.5,-
11-Oct-12,70,88,79,-
12-Oct-12,70,89,79.5,-
13-Oct-12,68,89,78.5,-
14-Oct-12,72,84,78,0.37
15-Oct-12,62,82,72,-
16-Oct-12,58,79,68.5,0.58
17-Oct-12,62,89,75.5,-
18-Oct-12,62,80,71,-
19-Oct-12,52,83,67.5,-
20-Oct-12,52,85,68.5,-
21-Oct-12,70,88,79,-
22-Oct-12,69,87,78,-
23-Oct-12,65,87,76,-
24-Oct-12,66,87,76.5,-
25-Oct-12,70,88,79,-
26-Oct-12,53,73,63,0.05
27-Oct-12,48,66,57,-
28-Oct-12,43,68,55.5,-
29-Oct-12,42,71,56.5,-
30-Oct-12,42,75,58.5,-
31-Oct-12,52,84,68,-
1-Nov-12,60,87,73.5,-
2-Nov-12,64,86,75,-
3-Nov-12,61,84,72.5,0.43
4-Nov-12,60,83,71.5,-
5-Nov-12,61,85,73,0.05
6-Nov-12,53,75,64,-
7-Nov-12,50,82,66,-
8-Nov-12,51,79,65,-
9-Nov-12,58,82,70,-
10-Nov-12,58,83,70.5,-
11-Nov-12,59,83,71,0.04
12-Nov-12,45,67,56,0.04
13-Nov-12,40,61,50.5,0.01
14-Nov-12,46,67,56.5,-
15-Nov-12,38,69,53.5,-
16-Nov-12,42,68,55,-
17-Nov-12,38,71,54.5,-
18-Nov-12,39,73,56,-
19-Nov-12,45,75,60,-
20-Nov-12,49,79,64,-
21-Nov-12,52,83,67.5,-
22-Nov-12,50,77,63.5,-
23-Nov-12,53,78,65.5,0.02
24-Nov-12,43,66,54.5,-
25-Nov-12,39,75,57,-
26-Nov-12,58,84,71,0.06
27-Nov-12,47,63,55,-
28-Nov-12,40,67,53.5,-
29-Nov-12,39,71,55,-
30-Nov-12,55,78,66.5,-
1-Dec-12,63,83,73,-
2-Dec-12,59,84,71.5,-
3-Dec-12,65,82,73.5,0.08
4-Dec-12,59,83,71,0.07
5-Dec-12,55,66,60.5,-
6-Dec-12,56,69,62.5,-
7-Dec-12,54,81,67.5,-
8-Dec-12,62,83,72.5,-
9-Dec-12,59,81,70,0.06
10-Dec-12,38,59,48.5,0.25
11-Dec-12,32,55,43.5,-
12-Dec-12,34,61,47.5,-
13-Dec-12,32,64,48,-
14-Dec-12,48,70,59,-
15-Dec-12,68,81,74.5,-
16-Dec-12,59,72,65.5,1.56
17-Dec-12,45,69,57,-
18-Dec-12,43,80,61.5,-
19-Dec-12,64,81,72.5,-
20-Dec-12,40,75,57.5,0.06
21-Dec-12,32,62,47,-
22-Dec-12,33,69,51,-
23-Dec-12,60,75,67.5,-
24-Dec-12,58,75,66.5,-
25-Dec-12,36,77,56.5,0.04
26-Dec-12,33,47,40,-
27-Dec-12,31,53,42,0.08
28-Dec-12,44,60,52,0.11
29-Dec-12,34,51,42.5,-
30-Dec-12,30,51,40.5,-
31-Dec-12,46,67,56.5,0.57
1-Jan-13,46,67,56.5,0.13
2-Jan-13,42,46,44,-
3-Jan-13,38,56,47,-
4-Jan-13,43,50,46.5,-
5-Jan-13,42,47,44.5,0.84
6-Jan-13,40,60,50,-
7-Jan-13,36,57,46.5,-
8-Jan-13,49,64,56.5,0.3
9-Jan-13,61,67,64,1.3
10-Jan-13,52,69,60.5,0.05
11-Jan-13,44,73,58.5,0.02
12-Jan-13,64,75,69.5,0.1
13-Jan-13,42,72,57,0.25
14-Jan-13,40,45,42.5,0.03
15-Jan-13,37,42,39.5,0.07
16-Jan-13,32,52,42,-
17-Jan-13,29,63,46,-
18-Jan-13,36,62,49,-
19-Jan-13,34,68,51,-
20-Jan-13,43,69,56,-
21-Jan-13,43,71,57,-
22-Jan-13,44,71,57.5,-
23-Jan-13,45,75,60,-
24-Jan-13,61,79,70,-
25-Jan-13,61,79,70,-
26-Jan-13,59,78,68.5,-
27-Jan-13,56,77,66.5,-
28-Jan-13,70,81,75.5,-
29-Jan-13,59,77,68,0.11
30-Jan-13,39,61,50,-
31-Jan-13,33,67,50,-
1-Feb-13,43,70,56.5,-
2-Feb-13,46,76,61,-
3-Feb-13,48,72,60,-
4-Feb-13,53,72,62.5,0.06
5-Feb-13,58,79,68.5,0.01
6-Feb-13,60,65,62.5,0.36
7-Feb-13,57,73,65,-
8-Feb-13,50,71,60.5,-
9-Feb-13,49,68,58.5,0.01
10-Feb-13,58,74,66,0.11
11-Feb-13,53,63,58,0.07
12-Feb-13,53,64,58.5,0.06
13-Feb-13,43,61,52,-
14-Feb-13,34,67,50.5,-
15-Feb-13,39,69,54,-
16-Feb-13,39,61,50,-
17-Feb-13,36,72,54,-
18-Feb-13,55,74,64.5,0.33
19-Feb-13,46,69,57.5,-
20-Feb-13,50,60,55,0.03
21-Feb-13,53,75,64,0.29
22-Feb-13,54,65,59.5,-
23-Feb-13,47,70,58.5,-
24-Feb-13,43,70,56.5,-
25-Feb-13,48,76,62,0.01
26-Feb-13,44,64,54,-
27-Feb-13,42,69,55.5,-
28-Feb-13,41,59,50,-
1-Mar-13,36,65,50.5,-
2-Mar-13,36,57,46.5,-
3-Mar-13,31,69,50,-
4-Mar-13,56,80,68,-
5-Mar-13,49,69,59,-
6-Mar-13,38,69,53.5,-
7-Mar-13,40,69,54.5,-
8-Mar-13,49,72,60.5,-
9-Mar-13,61,75,68,-
10-Mar-13,51,69,60,0.63
11-Mar-13,40,62,51,-
12-Mar-13,36,73,54.5,-
13-Mar-13,43,74,58.5,-
14-Mar-13,43,75,59,-
15-Mar-13,46,79,62.5,-
16-Mar-13,59,81,70,-
17-Mar-13,64,82,73,-
18-Mar-13,68,90,79,-
19-Mar-13,59,78,68.5,-
20-Mar-13,55,76,65.5,0.12
21-Mar-13,48,74,61,-
22-Mar-13,68,84,76,-
23-Mar-13,61,74,67.5,-
24-Mar-13,47,66,56.5,-
25-Mar-13,38,62,50,-
26-Mar-13,38,64,51,-
27-Mar-13,37,69,53,-
28-Mar-13,54,72,63,-
29-Mar-13,55,75,65,-
30-Mar-13,63,79,71,-
31-Mar-13,60,85,72.5,0.35
1-Apr-13,59,81,70,-
2-Apr-13,59,74,66.5,1.65
3-Apr-13,52,66,59,0.16
4-Apr-13,50,56,53,-
5-Apr-13,45,71,58,-
6-Apr-13,47,75,61,-
7-Apr-13,60,80,70,-
8-Apr-13,67,81,74,-
9-Apr-13,69,82,75.5,-
10-Apr-13,48,83,65.5,0.16
11-Apr-13,43,69,56,0.82
12-Apr-13,46,79,62.5,-
13-Apr-13,51,79,65,-
14-Apr-13,55,83,69,-
15-Apr-13,70,84,77,-
16-Apr-13,72,82,77,-
17-Apr-13,73,77,75,-
18-Apr-13,53,77,65,0.05
19-Apr-13,47,67,57,-
20-Apr-13,39,69,54,-
21-Apr-13,47,76,61.5,-
22-Apr-13,53,79,66,-
23-Apr-13,57,79,68,-
24-Apr-13,49,71,60,-
25-Apr-13,55,76,65.5,-
26-Apr-13,66,81,73.5,-
27-Apr-13,66,82,74,0.25
28-Apr-13,64,82,73,-
29-Apr-13,61,84,72.5,-
30-Apr-13,65,85,75,-
1-May-13,65,85,75,-
2-May-13,50,79,64.5,-
3-May-13,47,69,58,-
4-May-13,42,81,61.5,-
5-May-13,51,73,62,-
6-May-13,49,79,64,-
7-May-13,54,87,70.5,-
8-May-13,60,85,72.5,-
9-May-13,70,79,74.5,0.03
10-May-13,67,78,72.5,0.87
11-May-13,66,86,76,-
12-May-13,62,82,72,-
13-May-13,55,81,68,-
14-May-13,57,84,70.5,-
15-May-13,66,80,73,0.07
16-May-13,69,85,77,0.03
17-May-13,73,89,81,-
18-May-13,75,91,83,-
19-May-13,75,90,82.5,-
20-May-13,77,90,83.5,-
21-May-13,77,89,83,-
22-May-13,71,89,80,0.08
23-May-13,71,89,80,-
24-May-13,73,90,81.5,-
25-May-13,71,85,78,-
26-May-13,75,91,83,-
27-May-13,70,90,80,-
28-May-13,75,90,82.5,-
29-May-13,76,86,81,-
30-May-13,77,90,83.5,-
31-May-13,79,93,86,-
1-Jun-13,79,95,87,-
2-Jun-13,69,86,77.5,1.32
3-Jun-13,68,92,80,-
4-Jun-13,69,92,80.5,-
5-Jun-13,71,94,82.5,-
6-Jun-13,72,95,83.5,0.31
7-Jun-13,69,88,78.5,-
8-Jun-13,68,92,80,-
9-Jun-13,71,90,80.5,1.85
10-Jun-13,70,93,81.5,-
11-Jun-13,74,91,82.5,-
12-Jun-13,74,93,83.5,-
13-Jun-13,74,96,85,-
14-Jun-13,78,95,86.5,-
15-Jun-13,77,94,85.5,-
16-Jun-13,75,96,85.5,-
17-Jun-13,78,96,87,-
18-Jun-13,75,96,85.5,-
19-Jun-13,73,96,84.5,0.98
20-Jun-13,74,93,83.5,-
21-Jun-13,74,94,84,-
22-Jun-13,74,94,84,-
23-Jun-13,74,95,84.5,-
24-Jun-13,75,96,85.5,-
25-Jun-13,80,97,88.5,-
26-Jun-13,79,98,88.5,-
27-Jun-13,75,98,86.5,-
28-Jun-13,78,100,89,-
29-Jun-13,80,107,93.5,-
30-Jun-13,74,98,86,-
1-Jul-13,69,93,81,-
2-Jul-13,70,95,82.5,-
3-Jul-13,70,94,82,-
4-Jul-13,71,96,83.5,-
5-Jul-13,71,97,84,-
6-Jul-13,75,96,85.5,-
7-Jul-13,75,91,83,0.01
8-Jul-13,74,89,81.5,0.52
9-Jul-13,74,96,85,-
10-Jul-13,75,97,86,-
11-Jul-13,78,98,88,-
12-Jul-13,79,98,88.5,-
13-Jul-13,77,99,88,-
14-Jul-13,68,91,79.5,0.02
15-Jul-13,72,89,80.5,0.35
16-Jul-13,74,90,82,0.2
17-Jul-13,71,85,78,0.83
18-Jul-13,73,93,83,-
19-Jul-13,73,89,81,0.18
20-Jul-13,74,88,81,0.03
21-Jul-13,74,88,81,-
22-Jul-13,77,95,86,-
23-Jul-13,79,95,87,-
24-Jul-13,77,96,86.5,-
25-Jul-13,78,96,87,-
26-Jul-13,78,96,87,-
27-Jul-13,79,94,86.5,0.19
28-Jul-13,75,93,84,0.06
29-Jul-13,75,95,85,-
30-Jul-13,77,96,86.5,-
31-Jul-13,74,98,86,-
1-Aug-13,77,98,87.5,-
2-Aug-13,78,95,86.5,-
3-Aug-13,74,98,86,-
4-Aug-13,78,97,87.5,-
5-Aug-13,79,99,89,-
6-Aug-13,78,99,88.5,-
7-Aug-13,80,100,90,-
8-Aug-13,78,99,88.5,-
9-Aug-13,73,99,86,-
10-Aug-13,78,93,85.5,0.15
11-Aug-13,77,93,85,-
12-Aug-13,76,97,86.5,-
13-Aug-13,79,101,90,-
14-Aug-13,74,100,87,0.65
15-Aug-13,74,88,81,0.01
16-Aug-13,72,96,84,1.8
17-Aug-13,71,94,82.5,-
18-Aug-13,69,92,80.5,-
19-Aug-13,72,93,82.5,-
20-Aug-13,73,90,81.5,-
21-Aug-13,73,94,83.5,-
22-Aug-13,76,95,85.5,-
23-Aug-13,75,97,86,-
24-Aug-13,77,96,86.5,-
25-Aug-13,77,89,83,-
26-Aug-13,74,80,77,0.72
27-Aug-13,73,92,82.5,-
28-Aug-13,73,95,84,-
29-Aug-13,76,98,87,-
30-Aug-13,78,98,88,-
31-Aug-13,75,95,85,-
1-Sep-13,73,96,84.5,-
2-Sep-13,76,99,87.5,-
3-Sep-13,78,100,89,-
4-Sep-13,77,97,87,-
5-Sep-13,75,98,86.5,0.4
6-Sep-13,76,93,84.5,-
7-Sep-13,74,88,81,-
8-Sep-13,73,90,81.5,-
9-Sep-13,74,92,83,0.01
10-Sep-13,74,90,82,0.09
11-Sep-13,72,92,82,-
12-Sep-13,74,94,84,-
13-Sep-13,73,96,84.5,-
14-Sep-13,74,94,84,-
15-Sep-13,74,91,82.5,0.07
16-Sep-13,73,93,83,-
17-Sep-13,76,95,85.5,-
18-Sep-13,74,93,83.5,-
19-Sep-13,75,93,84,0.01
20-Sep-13,73,84,78.5,2.76
21-Sep-13,71,82,76.5,0.74
22-Sep-13,63,86,74.5,-
23-Sep-13,71,89,80,-
24-Sep-13,71,95,83,-
25-Sep-13,66,95,80.5,-
26-Sep-13,68,92,80,-
27-Sep-13,70,88,79,-
28-Sep-13,74,87,80.5,0.35
29-Sep-13,74,83,78.5,0.18
30-Sep-13,74,88,81,0.5
1-Oct-13,74,88,81,-
2-Oct-13,73,86,79.5,0.03
3-Oct-13,72,88,80,0.1
4-Oct-13,69,91,80,-
5-Oct-13,65,93,79,0.01
6-Oct-13,57,80,68.5,0.19
7-Oct-13,53,81,67,-
8-Oct-13,53,81,67,-
9-Oct-13,56,83,69.5,-
10-Oct-13,61,86,73.5,-
11-Oct-13,65,87,76,-
12-Oct-13,72,88,80,0.03
13-Oct-13,71,76,73.5,0.3
14-Oct-13,71,84,77.5,-
15-Oct-13,70,88,79,-
16-Oct-13,62,73,67.5,0.01
17-Oct-13,59,78,68.5,0.03
18-Oct-13,56,73,64.5,2.02
19-Oct-13,50,71,60.5,0.07
20-Oct-13,46,75,60.5,-
21-Oct-13,59,78,68.5,-
22-Oct-13,54,76,65,-
23-Oct-13,50,83,66.5,-
24-Oct-13,54,83,68.5,-
25-Oct-13,56,75,65.5,-
26-Oct-13,52,80,66,-
27-Oct-13,61,75,68,1.57
28-Oct-13,62,83,72.5,-
29-Oct-13,65,84,74.5,-
30-Oct-13,72,80,76,1.55
31-Oct-13,55,79,67,1.17
1-Nov-13,52,80,66,0.13
2-Nov-13,51,73,62,-
3-Nov-13,45,69,57,-
4-Nov-13,52,73,62.5,-
5-Nov-13,67,80,73.5,-
6-Nov-13,53,79,66,0.03
7-Nov-13,46,69,57.5,-
8-Nov-13,48,67,57.5,-
9-Nov-13,53,70,61.5,-
10-Nov-13,53,75,64,-
11-Nov-13,52,75,63.5,-
12-Nov-13,47,72,59.5,-
13-Nov-13,36,56,46,-
14-Nov-13,35,64,49.5,-
15-Nov-13,51,78,64.5,-
16-Nov-13,57,81,69,0.03
17-Nov-13,69,85,77,-
18-Nov-13,62,79,70.5,-
19-Nov-13,51,70,60.5,-
20-Nov-13,48,73,60.5,-
21-Nov-13,67,80,73.5,0.01
22-Nov-13,43,73,58,1.4
23-Nov-13,43,50,46.5,0.41
24-Nov-13,42,50,46,-
25-Nov-13,39,44,41.5,1.26
26-Nov-13,39,44,41.5,0.47
27-Nov-13,34,50,42,-
28-Nov-13,31,55,43,-
29-Nov-13,34,63,48.5,-
30-Nov-13,39,70,54.5,-
1-Dec-13,48,70,59,-
2-Dec-13,61,77,69,-
3-Dec-13,62,80,71,-
4-Dec-13,70,81,75.5,-
5-Dec-13,38,76,57,-
6-Dec-13,35,43,39,0.01
7-Dec-13,34,38,36,-
8-Dec-13,37,47,42,-
9-Dec-13,40,47,43.5,0.07
10-Dec-13,32,50,41,-
11-Dec-13,34,53,43.5,-
12-Dec-13,36,56,46,-
13-Dec-13,40,55,47.5,0.06
14-Dec-13,40,58,49,-
15-Dec-13,32,58,45,-
16-Dec-13,30,63,46.5,-
17-Dec-13,35,70,52.5,-
18-Dec-13,37,70,53.5,-
19-Dec-13,46,75,60.5,0.03
20-Dec-13,68,77,72.5,-
21-Dec-13,53,75,64,1.48
22-Dec-13,38,60,49,-
23-Dec-13,32,54,43,-
24-Dec-13,31,56,43.5,-
25-Dec-13,35,58,46.5,-
26-Dec-13,47,62,54.5,-
27-Dec-13,47,58,52.5,-
28-Dec-13,41,60,50.5,-
29-Dec-13,37,67,52,-
30-Dec-13,40,50,45,-
31-Dec-13,38,49,43.5,-
1-Jan-14,46,65,55.5,-
2-Jan-14,37,59,48,0.01
3-Jan-14,31,54,42.5,-
4-Jan-14,35,66,50.5,-
5-Jan-14,35,65,50,0.05
6-Jan-14,27,36,31.5,-
7-Jan-14,21,45,33,-
8-Jan-14,40,56,48,-
9-Jan-14,51,69,60,0.27
10-Jan-14,57,70,63.5,-
11-Jan-14,45,74,59.5,-
12-Jan-14,38,74,56,-
13-Jan-14,45,71,58,0.24
14-Jan-14,35,70,52.5,-
15-Jan-14,36,59,47.5,-
16-Jan-14,33,70,51.5,-
17-Jan-14,39,63,51,-
18-Jan-14,32,69,50.5,-
19-Jan-14,41,69,55,-
20-Jan-14,38,77,57.5,-
21-Jan-14,39,62,50.5,-
22-Jan-14,29,69,49,-
23-Jan-14,33,56,44.5,0.3
24-Jan-14,28,36,32,0.04
25-Jan-14,29,61,45,-
26-Jan-14,45,71,58,-
27-Jan-14,49,61,55,-
28-Jan-14,30,49,39.5,0.05
29-Jan-14,29,42,35.5,-
30-Jan-14,22,58,40,-
31-Jan-14,57,72,64.5,-
1-Feb-14,62,73,67.5,0.02
2-Feb-14,40,66,53,0.27
3-Feb-14,39,50,44.5,-
4-Feb-14,42,52,47,0.22
5-Feb-14,38,51,44.5,-
6-Feb-14,33,39,36,0.01
7-Feb-14,35,39,37,-
8-Feb-14,38,57,47.5,-
9-Feb-14,47,66,56.5,-
10-Feb-14,39,59,49,0.63
11-Feb-14,35,42,38.5,0.05
12-Feb-14,34,51,42.5,-
13-Feb-14,29,62,45.5,-
14-Feb-14,39,78,58.5,-
15-Feb-14,41,68,54.5,-
16-Feb-14,51,76,63.5,-
17-Feb-14,65,79,72,-
18-Feb-14,66,80,73,-
19-Feb-14,62,79,70.5,-
20-Feb-14,58,78,68,0.06
21-Feb-14,44,69,56.5,-
22-Feb-14,45,69,57,-
23-Feb-14,60,78,69,0.04
24-Feb-14,61,66,63.5,-
25-Feb-14,58,78,68,0.7
26-Feb-14,37,58,47.5,0.37
27-Feb-14,33,56,44.5,-
28-Feb-14,39,73,56,0.02
1-Mar-14,64,83,73.5,-
2-Mar-14,34,77,55.5,0.03
3-Mar-14,27,42,34.5,0.03
4-Mar-14,31,38,34.5,1.03
5-Mar-14,37,53,45,0.02
6-Mar-14,44,61,52.5,-
7-Mar-14,37,66,51.5,-
8-Mar-14,51,69,60,0.11
9-Mar-14,46,58,52,0.43
10-Mar-14,48,73,60.5,-
11-Mar-14,56,75,65.5,-
12-Mar-14,50,68,59,-
13-Mar-14,38,67,52.5,-
14-Mar-14,47,75,61,-
15-Mar-14,62,69,65.5,0.56
16-Mar-14,45,69,57,-
17-Mar-14,44,63,53.5,-
18-Mar-14,43,77,60,-
19-Mar-14,57,75,66,-
20-Mar-14,56,76,66,-
21-Mar-14,50,78,64,-
22-Mar-14,65,81,73,-
23-Mar-14,54,72,63,0.05
24-Mar-14,52,64,58,-
25-Mar-14,46,71,58.5,-
26-Mar-14,46,64,55,0.15
27-Mar-14,62,71,66.5,0.02
28-Mar-14,58,85,71.5,0.02
29-Mar-14,53,80,66.5,-
30-Mar-14,46,73,59.5,-
31-Mar-14,50,78,64,-
1-Apr-14,66,84,75,-
2-Apr-14,71,82,76.5,-
3-Apr-14,72,76,74,-
4-Apr-14,59,75,67,-
5-Apr-14,57,69,63,-
6-Apr-14,55,63,59,0.04
7-Apr-14,53,74,63.5,-
8-Apr-14,51,74,62.5,-
9-Apr-14,44,81,62.5,-
10-Apr-14,60,83,71.5,-
11-Apr-14,64,82,73,-
12-Apr-14,67,83,75,-
13-Apr-14,69,78,73.5,-
14-Apr-14,46,77,61.5,1.52
15-Apr-14,41,64,52.5,-
16-Apr-14,41,66,53.5,-
17-Apr-14,53,73,63,-
18-Apr-14,58,79,68.5,-
19-Apr-14,55,80,67.5,-
20-Apr-14,58,80,69,-
21-Apr-14,61,82,71.5,-
22-Apr-14,65,87,76,-
23-Apr-14,63,84,73.5,-
24-Apr-14,69,84,76.5,-
25-Apr-14,66,88,77,-
26-Apr-14,68,83,75.5,-
27-Apr-14,75,89,82,-
28-Apr-14,64,92,78,-
29-Apr-14,65,84,74.5,-
30-Apr-14,57,75,66,-
1-May-14,48,75,61.5,-
2-May-14,51,81,66,-
3-May-14,61,88,74.5,-
4-May-14,61,88,74.5,-
5-May-14,59,86,72.5,-
6-May-14,68,85,76.5,-
7-May-14,65,85,75,-
8-May-14,75,78,76.5,0.04
9-May-14,64,86,75,0.33
10-May-14,63,87,75,-
11-May-14,75,87,81,-
12-May-14,68,85,76.5,0.05
13-May-14,60,75,67.5,3.55
14-May-14,54,72,63,0.19
15-May-14,49,79,64,-
16-May-14,62,85,73.5,-
17-May-14,63,86,74.5,-
18-May-14,63,85,74,-
19-May-14,67,85,76,-
20-May-14,71,87,79,-
21-May-14,71,86,78.5,-
22-May-14,65,87,76,-
23-May-14,66,85,75.5,-
24-May-14,66,88,77,-
25-May-14,71,87,79,-
26-May-14,68,80,74,2.91
27-May-14,65,76,70.5,1.44
28-May-14,68,84,76,1.34
29-May-14,68,88,78,-
30-May-14,70,88,79,1.73
31-May-14,71,85,78,0.04
1-Jun-14,71,88,79.5,0.01
2-Jun-14,72,89,80.5,-
3-Jun-14,73,88,80.5,-
4-Jun-14,71,90,80.5,-
5-Jun-14,75,92,83.5,-
6-Jun-14,73,92,82.5,-
7-Jun-14,73,93,83,-
8-Jun-14,77,92,84.5,0.02
9-Jun-14,72,87,79.5,0.5
10-Jun-14,71,87,79,0.01
11-Jun-14,68,94,81,-
12-Jun-14,74,94,84,0.1
13-Jun-14,77,92,84.5,0.01
14-Jun-14,71,91,81,-
15-Jun-14,74,93,83.5,-
16-Jun-14,77,92,84.5,-
17-Jun-14,80,93,86.5,-
18-Jun-14,78,89,83.5,0.22
19-Jun-14,75,92,83.5,-
20-Jun-14,74,92,83,-
21-Jun-14,71,92,81.5,-
22-Jun-14,76,90,83,0.07
23-Jun-14,73,92,82.5,0.51
24-Jun-14,74,92,83,0.54
25-Jun-14,73,83,78,0.09
26-Jun-14,73,86,79.5,-
27-Jun-14,74,90,82,0.01
28-Jun-14,79,90,84.5,0.1
29-Jun-14,79,93,86,-
30-Jun-14,78,93,85.5,-
1-Jul-14,74,94,84,-
2-Jul-14,74,94,84,-
3-Jul-14,73,94,83.5,-
4-Jul-14,72,91,81.5,0.48
5-Jul-14,73,90,81.5,0.31
6-Jul-14,72,89,80.5,0.01
7-Jul-14,74,93,83.5,0.08
8-Jul-14,74,92,83,-
9-Jul-14,74,95,84.5,-
10-Jul-14,73,93,83,-
11-Jul-14,72,94,83,-
12-Jul-14,74,94,84,-
13-Jul-14,77,96,86.5,-
14-Jul-14,76,96,86,-
15-Jul-14,75,89,82,0.06
16-Jul-14,73,90,81.5,-
17-Jul-14,76,89,82.5,0.38
18-Jul-14,75,87,81,0.05
19-Jul-14,72,85,78.5,-
20-Jul-14,73,93,83,0.01
21-Jul-14,77,96,86.5,-
22-Jul-14,77,96,86.5,-
23-Jul-14,76,95,85.5,0.07
24-Jul-14,73,94,83.5,0.01
25-Jul-14,74,95,84.5,-
26-Jul-14,78,95,86.5,-
27-Jul-14,77,97,87,-
28-Jul-14,77,99,88,-
29-Jul-14,74,92,83,0.03
30-Jul-14,72,94,83,-
31-Jul-14,73,94,83.5,0.91
1-Aug-14,73,87,80,0.71
2-Aug-14,71,82,76.5,-
3-Aug-14,72,89,80.5,-
4-Aug-14,73,92,82.5,-
5-Aug-14,74,92,83,-
6-Aug-14,75,94,84.5,-
7-Aug-14,79,95,87,-
8-Aug-14,77,97,87,0.1
9-Aug-14,77,94,85.5,-
10-Aug-14,78,94,86,-
11-Aug-14,75,97,86,0.25
12-Aug-14,76,97,86.5,-
13-Aug-14,73,94,83.5,-
14-Aug-14,73,93,83,0.02
15-Aug-14,75,96,85.5,-
16-Aug-14,80,98,89,-
17-Aug-14,78,97,87.5,-
18-Aug-14,76,96,86,-
19-Aug-14,76,94,85,-
20-Aug-14,74,96,85,0.01
21-Aug-14,76,98,87,-
22-Aug-14,75,98,86.5,-
23-Aug-14,75,98,86.5,-
24-Aug-14,74,98,86,-
25-Aug-14,76,99,87.5,-
26-Aug-14,74,97,85.5,-
27-Aug-14,75,94,84.5,-
28-Aug-14,76,90,83,-
29-Aug-14,75,91,83,-
30-Aug-14,75,92,83.5,-
31-Aug-14,74,84,79,-
1-Sep-14,74,93,83.5,-
2-Sep-14,76,94,85,-
3-Sep-14,75,93,84,-
4-Sep-14,76,93,84.5,-
5-Sep-14,75,93,84,0.03
6-Sep-14,75,95,85,0.16
7-Sep-14,73,95,84,0.42
8-Sep-14,72,92,82,-
9-Sep-14,74,95,84.5,-
10-Sep-14,78,95,86.5,-
11-Sep-14,76,97,86.5,-
12-Sep-14,75,89,82,0.02
13-Sep-14,67,77,72,0.01
14-Sep-14,65,77,71,-
15-Sep-14,68,92,80,-
16-Sep-14,75,91,83,0.12
17-Sep-14,75,89,82,0.25
18-Sep-14,73,81,77,2.31
19-Sep-14,73,84,78.5,0.2
20-Sep-14,73,89,81,-
21-Sep-14,73,91,82,-
22-Sep-14,72,93,82.5,-
23-Sep-14,64,84,74,-
24-Sep-14,64,85,74.5,-
25-Sep-14,68,80,74,-
26-Sep-14,68,86,77,-
27-Sep-14,71,86,78.5,-
28-Sep-14,72,89,80.5,-
29-Sep-14,70,89,79.5,-
30-Sep-14,71,89,80,-
1-Oct-14,72,93,82.5,0.09
2-Oct-14,71,93,82,-
3-Oct-14,63,84,73.5,1.1
4-Oct-14,59,77,68,-
5-Oct-14,53,85,69,-
6-Oct-14,65,84,74.5,0.69
7-Oct-14,65,90,77.5,-
8-Oct-14,69,90,79.5,0.06
9-Oct-14,68,90,79,-
10-Oct-14,75,91,83,0.03
11-Oct-14,66,85,75.5,0.02
12-Oct-14,65,87,76,0.35
13-Oct-14,60,85,72.5,0.61
14-Oct-14,54,79,66.5,-
15-Oct-14,51,84,67.5,-
16-Oct-14,57,87,72,-
17-Oct-14,60,86,73,-
18-Oct-14,63,86,74.5,0.5
19-Oct-14,62,81,71.5,-
20-Oct-14,59,83,71,-
21-Oct-14,55,82,68.5,-
22-Oct-14,61,82,71.5,-
23-Oct-14,58,80,69,-
24-Oct-14,54,82,68,-
25-Oct-14,55,85,70,-
26-Oct-14,56,85,70.5,-
27-Oct-14,58,86,72,-
28-Oct-14,60,86,73,-
29-Oct-14,61,84,72.5,-
30-Oct-14,55,79,67,-
31-Oct-14,55,79,67,-
1-Nov-14,45,65,55,-
2-Nov-14,41,72,56.5,-
3-Nov-14,53,80,66.5,-
4-Nov-14,62,82,72,-
5-Nov-14,64,74,69,1.12
6-Nov-14,58,66,62,0.17
7-Nov-14,49,65,57,-
8-Nov-14,50,75,62.5,-
9-Nov-14,47,72,59.5,-
10-Nov-14,45,80,62.5,-
11-Nov-14,49,71,60,0.01
12-Nov-14,43,58,50.5,-
13-Nov-14,36,45,40.5,0.2
14-Nov-14,34,47,40.5,-
15-Nov-14,43,53,48,0.22
16-Nov-14,43,57,50,0.73
17-Nov-14,36,52,44,-
18-Nov-14,32,55,43.5,-
19-Nov-14,30,69,49.5,-
20-Nov-14,46,76,61,0.04
21-Nov-14,61,66,63.5,0.57
22-Nov-14,58,68,63,0.11
23-Nov-14,61,80,70.5,0.23
24-Nov-14,45,66,55.5,-
25-Nov-14,41,66,53.5,-
26-Nov-14,43,73,58,-
27-Nov-14,44,67,55.5,-
28-Nov-14,39,71,55,-
29-Nov-14,60,78,69,-
30-Nov-14,61,80,70.5,-
1-Dec-14,45,69,57,0.03
2-Dec-14,44,56,50,-
3-Dec-14,52,66,59,-
4-Dec-14,53,72,62.5,-
5-Dec-14,65,79,72,0.07
6-Dec-14,58,71,64.5,-
7-Dec-14,54,59,56.5,-
8-Dec-14,46,67,56.5,-
9-Dec-14,43,70,56.5,-
10-Dec-14,42,69,55.5,-
11-Dec-14,56,72,64,0.02
12-Dec-14,57,75,66,-
13-Dec-14,54,74,64,-
14-Dec-14,58,76,67,-
15-Dec-14,59,80,69.5,-
16-Dec-14,48,66,57,-
17-Dec-14,44,64,54,-
18-Dec-14,57,70,63.5,0.79
19-Dec-14,52,59,55.5,3.07
20-Dec-14,50,54,52,-
21-Dec-14,48,61,54.5,-
22-Dec-14,55,72,63.5,-
23-Dec-14,48,60,54,0.69
24-Dec-14,37,55,46,-
25-Dec-14,34,66,50,-
26-Dec-14,51,71,61,0.04
27-Dec-14,46,74,60,0.22
28-Dec-14,41,46,43.5,0.67
29-Dec-14,39,48,43.5,-
30-Dec-14,38,53,45.5,-
31-Dec-14,37,46,41.5,-
1-Jan-15,41,47,44,0.15
2-Jan-15,47,54,50.5,0.63
3-Jan-15,41,53,47,0.63
4-Jan-15,36,56,46,-
5-Jan-15,31,54,42.5,-
6-Jan-15,34,65,49.5,-
7-Jan-15,40,62,51,-
8-Jan-15,28,42,35,0.01
9-Jan-15,37,40,38.5,0.06
10-Jan-15,37,41,39,0.08
11-Jan-15,39,49,44,0.66
12-Jan-15,43,49,46,-
13-Jan-15,43,46,44.5,0.05
14-Jan-15,39,45,42,-
15-Jan-15,39,54,46.5,-
16-Jan-15,33,61,47,-
17-Jan-15,37,69,53,-
18-Jan-15,43,71,57,-
19-Jan-15,34,72,53,-
20-Jan-15,45,76,60.5,-
21-Jan-15,57,67,62,-
22-Jan-15,44,60,52,0.87
23-Jan-15,39,44,41.5,0.03
24-Jan-15,35,62,48.5,-
25-Jan-15,40,70,55,-
26-Jan-15,44,67,55.5,-
27-Jan-15,47,81,64,-
28-Jan-15,43,79,61,-
29-Jan-15,49,75,62,-
30-Jan-15,45,65,55,-
31-Jan-15,42,63,52.5,-
1-Feb-15,48,77,62.5,0.01
2-Feb-15,36,50,43,-
3-Feb-15,41,46,43.5,0.16
4-Feb-15,42,61,51.5,0.17
5-Feb-15,41,55,48,-
6-Feb-15,41,56,48.5,-
7-Feb-15,37,69,53,-
8-Feb-15,54,77,65.5,-
9-Feb-15,54,83,68.5,-
10-Feb-15,43,74,58.5,-
11-Feb-15,44,75,59.5,-
12-Feb-15,46,66,56,-
13-Feb-15,39,66,52.5,-
14-Feb-15,43,78,60.5,-
15-Feb-15,51,71,61,0.02
16-Feb-15,37,68,52.5,0.15
17-Feb-15,34,54,44,-
18-Feb-15,33,64,48.5,-
19-Feb-15,37,64,50.5,-
20-Feb-15,52,69,60.5,0.01
21-Feb-15,65,75,70,-
22-Feb-15,45,80,62.5,-
23-Feb-15,34,46,40,0.02
24-Feb-15,33,43,38,-
25-Feb-15,33,50,41.5,0.1
26-Feb-15,31,55,43,-
27-Feb-15,37,46,41.5,-
28-Feb-15,37,57,47,0.02
1-Mar-15,49,59,54,0.22
2-Mar-15,48,60,54,0.01
3-Mar-15,56,80,68,-
4-Mar-15,43,83,63,-
5-Mar-15,36,51,43.5,0.15
6-Mar-15,30,57,43.5,-
7-Mar-15,35,60,47.5,-
8-Mar-15,45,53,49,1.38
9-Mar-15,50,66,58,2.07
10-Mar-15,53,60,56.5,-
11-Mar-15,53,62,57.5,0.08
12-Mar-15,55,62,58.5,0.36
13-Mar-15,55,66,60.5,0.35
14-Mar-15,51,77,64,-
15-Mar-15,55,73,64,-
16-Mar-15,57,77,67,-
17-Mar-15,58,82,70,-
18-Mar-15,65,82,73.5,0.11
19-Mar-15,67,79,73,0.49
20-Mar-15,66,82,74,0.02
21-Mar-15,64,66,65,1.01
22-Mar-15,60,76,68,-
23-Mar-15,55,80,67.5,-
24-Mar-15,53,80,66.5,-
25-Mar-15,56,80,68,-
26-Mar-15,54,69,61.5,0.09
27-Mar-15,44,80,62,-
28-Mar-15,47,82,64.5,-
29-Mar-15,57,82,69.5,-
30-Mar-15,61,83,72,-
31-Mar-15,64,83,73.5,-
1-Apr-15,69,79,74,0.01
2-Apr-15,69,84,76.5,-
3-Apr-15,71,82,76.5,-
4-Apr-15,61,73,67,-
5-Apr-15,57,67,62,0.02
6-Apr-15,67,82,74.5,-
7-Apr-15,70,87,78.5,-
8-Apr-15,71,84,77.5,-
9-Apr-15,70,86,78,-
10-Apr-15,61,74,67.5,1.74
11-Apr-15,63,77,70,0.1
12-Apr-15,68,80,74,0.17
13-Apr-15,71,86,78.5,0.32
14-Apr-15,64,76,70,0.12
15-Apr-15,60,81,70.5,-
16-Apr-15,65,82,73.5,0.92
17-Apr-15,64,83,73.5,0.95
18-Apr-15,66,78,72,0.09
19-Apr-15,58,86,72,0.54
20-Apr-15,59,74,66.5,-
21-Apr-15,56,79,67.5,-
22-Apr-15,67,84,75.5,-
23-Apr-15,69,88,78.5,-
24-Apr-15,71,85,78,-
25-Apr-15,67,88,77.5,0.21
26-Apr-15,67,85,76,-
27-Apr-15,66,78,72,0.02
28-Apr-15,56,71,63.5,-
29-Apr-15,52,78,65,-
30-Apr-15,53,82,67.5,-
1-May-15,57,84,70.5,-
2-May-15,57,83,70,-
3-May-15,57,83,70,-
4-May-15,61,84,72.5,-
5-May-15,63,82,72.5,0.13
6-May-15,73,83,78,0.41
7-May-15,74,85,79.5,-
8-May-15,77,85,81,-
9-May-15,76,87,81.5,-
10-May-15,77,87,82,0.03
11-May-15,69,80,74.5,0.19
12-May-15,69,79,74,0.52
13-May-15,68,81,74.5,1.68
14-May-15,72,87,79.5,0.05
15-May-15,73,84,78.5,0.15
16-May-15,73,89,81,-
17-May-15,71,85,78,0.98
18-May-15,73,86,79.5,0.24
19-May-15,73,86,79.5,0.02
20-May-15,73,89,81,0.31
21-May-15,71,82,76.5,1.08
22-May-15,65,79,72,-
23-May-15,73,85,79,0.72
24-May-15,69,81,75,0.56
25-May-15,66,88,77,2.47
26-May-15,66,85,75.5,0.93
27-May-15,65,86,75.5,1.41
28-May-15,70,90,80,-
29-May-15,70,89,79.5,0.01
30-May-15,69,91,80,0.57
31-May-15,66,87,76.5,-
1-Jun-15,66,89,77.5,-
2-Jun-15,68,90,79,-
3-Jun-15,69,91,80,-
4-Jun-15,69,90,79.5,-
5-Jun-15,72,92,82,-
6-Jun-15,72,93,82.5,-
7-Jun-15,72,93,82.5,-
8-Jun-15,72,93,82.5,-
9-Jun-15,74,93,83.5,-
10-Jun-15,73,94,83.5,-
11-Jun-15,73,94,83.5,0.01
12-Jun-15,74,92,83,-
13-Jun-15,74,86,80,0.29
14-Jun-15,74,88,81,0.58
15-Jun-15,75,90,82.5,0.14
16-Jun-15,75,79,77,2.46
17-Jun-15,76,84,80,0.7
18-Jun-15,76,86,81,-
19-Jun-15,76,90,83,-
20-Jun-15,77,90,83.5,0.2
21-Jun-15,78,93,85.5,-
22-Jun-15,76,92,84,-
23-Jun-15,76,92,84,-
24-Jun-15,74,93,83.5,-
25-Jun-15,75,94,84.5,-
26-Jun-15,77,94,85.5,0.13
27-Jun-15,73,93,83,2.38
28-Jun-15,73,90,81.5,2.24
29-Jun-15,76,92,84,-
30-Jun-15,73,92,82.5,2.26
1-Jul-15,71,89,80,0.38
2-Jul-15,71,92,81.5,-
3-Jul-15,75,94,84.5,-
4-Jul-15,78,92,85,-
5-Jul-15,77,93,85,-
6-Jul-15,80,92,86,-
7-Jul-15,79,92,85.5,-
8-Jul-15,80,93,86.5,-
9-Jul-15,76,94,85,-
10-Jul-15,74,93,83.5,-
11-Jul-15,75,93,84,-
12-Jul-15,76,95,85.5,-
13-Jul-15,76,96,86,-
14-Jul-15,77,96,86.5,-
15-Jul-15,74,96,85,-
16-Jul-15,76,96,86,-
17-Jul-15,77,95,86,0.06
18-Jul-15,80,97,88.5,-
19-Jul-15,75,97,86,-
20-Jul-15,77,97,87,-
21-Jul-15,76,95,85.5,-
22-Jul-15,78,96,87,-
23-Jul-15,77,98,87.5,-
24-Jul-15,75,98,86.5,-
25-Jul-15,75,99,87,-
26-Jul-15,78,99,88.5,-
27-Jul-15,80,98,89,-
28-Jul-15,76,100,88,-
29-Jul-15,75,100,87.5,-
30-Jul-15,79,101,90,0.17
31-Jul-15,78,99,88.5,-
1-Aug-15,72,97,84.5,-
2-Aug-15,72,99,85.5,-
3-Aug-15,73,99,86,-
4-Aug-15,75,98,86.5,-
5-Aug-15,80,99,89.5,-
6-Aug-15,78,100,89,-
7-Aug-15,77,100,88.5,-
8-Aug-15,78,100,89,-
9-Aug-15,77,102,89.5,-
10-Aug-15,79,102,90.5,-
11-Aug-15,77,106,91.5,0.17
12-Aug-15,74,99,86.5,-
13-Aug-15,77,99,88,-
14-Aug-15,77,100,88.5,-
15-Aug-15,73,99,86,-
16-Aug-15,73,96,84.5,0.75
17-Aug-15,71,94,82.5,-
18-Aug-15,77,95,86,-
19-Aug-15,76,90,83,0.12
20-Aug-15,73,79,76,0.92
21-Aug-15,73,88,80.5,0.8
22-Aug-15,76,93,84.5,-
23-Aug-15,76,98,87,-
24-Aug-15,79,97,88,-
25-Aug-15,73,94,83.5,0.18
26-Aug-15,71,90,80.5,-
27-Aug-15,69,93,81,-
28-Aug-15,70,92,81,-
29-Aug-15,69,90,79.5,-
30-Aug-15,69,91,80,-
31-Aug-15,71,89,80,-
1-Sep-15,72,81,76.5,-
2-Sep-15,73,89,81,0.02
3-Sep-15,73,92,82.5,-
4-Sep-15,74,91,82.5,0.29
5-Sep-15,74,91,82.5,1.07
6-Sep-15,75,96,85.5,-
7-Sep-15,76,94,85,-
8-Sep-15,74,92,83,0.21
9-Sep-15,74,91,82.5,-
10-Sep-15,74,89,81.5,0.04
11-Sep-15,73,80,76.5,0.75
12-Sep-15,66,88,77,0.01
13-Sep-15,59,84,71.5,-
14-Sep-15,59,85,72,-
15-Sep-15,71,91,81,-
16-Sep-15,73,91,82,-
17-Sep-15,71,92,81.5,-
18-Sep-15,69,91,80,-
19-Sep-15,68,91,79.5,-
20-Sep-15,70,92,81,-
21-Sep-15,73,92,82.5,-
22-Sep-15,72,92,82,-
23-Sep-15,68,93,80.5,-
24-Sep-15,67,90,78.5,-
25-Sep-15,71,93,82,0.03
26-Sep-15,68,94,81,-
27-Sep-15,69,78,73.5,0.07
28-Sep-15,70,76,73,0.12
29-Sep-15,69,90,79.5,-
30-Sep-15,70,92,81,-
1-Oct-15,68,90,79,-
2-Oct-15,60,84,72,-
3-Oct-15,55,84,69.5,-
4-Oct-15,56,84,70,-
5-Oct-15,57,86,71.5,-
6-Oct-15,65,89,77,-
7-Oct-15,66,91,78.5,-
8-Oct-15,69,87,78,-
9-Oct-15,68,90,79,-
10-Oct-15,64,90,77,-
11-Oct-15,60,90,75,-
12-Oct-15,68,92,80,-
13-Oct-15,64,95,79.5,-
14-Oct-15,56,92,74,-
15-Oct-15,57,92,74.5,-
16-Oct-15,59,91,75,-
17-Oct-15,59,84,71.5,-
18-Oct-15,52,82,67,-
19-Oct-15,51,81,66,-
20-Oct-15,58,77,67.5,0.02
21-Oct-15,67,85,76,-
22-Oct-15,71,86,78.5,0.02
23-Oct-15,76,85,80.5,0.01
24-Oct-15,67,77,72,4.89
25-Oct-15,60,68,64,2.65
26-Oct-15,61,72,66.5,0.04
27-Oct-15,61,80,70.5,-
28-Oct-15,58,86,72,-
29-Oct-15,53,80,66.5,-
30-Oct-15,67,79,73,0.01
31-Oct-15,67,76,71.5,5.41
1-Nov-15,63,69,66,0.34
2-Nov-15,60,76,68,-
3-Nov-15,58,77,67.5,-
4-Nov-15,60,79,69.5,-
5-Nov-15,66,83,74.5,-
6-Nov-15,67,83,75,-
7-Nov-15,55,72,63.5,0.26
8-Nov-15,52,72,62,-
9-Nov-15,51,74,62.5,-
10-Nov-15,55,75,65,-
11-Nov-15,65,84,74.5,0.06
12-Nov-15,57,74,65.5,-
13-Nov-15,51,67,59,-
14-Nov-15,51,70,60.5,-
15-Nov-15,50,74,62,-
16-Nov-15,61,80,70.5,-
17-Nov-15,52,78,65,1.81
18-Nov-15,49,72,60.5,-
19-Nov-15,49,79,64,-
20-Nov-15,50,73,61.5,-
21-Nov-15,44,68,56,0.2
22-Nov-15,36,56,46,-
23-Nov-15,35,62,48.5,-
24-Nov-15,43,67,55,-
25-Nov-15,54,76,65,-
26-Nov-15,66,77,71.5,-
27-Nov-15,69,76,72.5,0.12
28-Nov-15,47,68,57.5,0.94
29-Nov-15,47,52,49.5,0.07
30-Nov-15,51,61,56,-
1-Dec-15,50,57,53.5,0.02
2-Dec-15,46,61,53.5,-
3-Dec-15,40,62,51,-
4-Dec-15,38,61,49.5,-
5-Dec-15,37,66,51.5,-
6-Dec-15,39,70,54.5,-
7-Dec-15,45,70,57.5,-
8-Dec-15,42,72,57,-
9-Dec-15,49,75,62,-
10-Dec-15,51,78,64.5,-
11-Dec-15,71,81,76,-
12-Dec-15,71,77,74,0.04
13-Dec-15,49,74,61.5,2.1
14-Dec-15,49,72,60.5,-
15-Dec-15,48,77,62.5,0.02
16-Dec-15,50,70,60,0.84
17-Dec-15,42,63,52.5,-
18-Dec-15,40,61,50.5,-
19-Dec-15,38,63,50.5,-
20-Dec-15,46,69,57.5,-
21-Dec-15,61,74,67.5,0.3
22-Dec-15,55,72,63.5,0.01
23-Dec-15,58,81,69.5,-
24-Dec-15,56,79,67.5,-
25-Dec-15,73,83,78,0.01
26-Dec-15,73,80,76.5,0.06
27-Dec-15,46,78,62,1.33
28-Dec-15,40,51,45.5,0.01
29-Dec-15,41,52,46.5,-
30-Dec-15,48,57,52.5,0.01
31-Dec-15,47,55,51,-
1-Jan-16,45,51,48,-
2-Jan-16,45,51,48,-
3-Jan-16,43,62,52.5,0.07
4-Jan-16,38,62,50,-
5-Jan-16,34,55,44.5,-
6-Jan-16,40,58,49,1.4
7-Jan-16,51,69,60,0.19
8-Jan-16,50,68,59,0.06
9-Jan-16,42,62,52,-
10-Jan-16,37,52,44.5,-
11-Jan-16,32,56,44,-
12-Jan-16,35,62,48.5,-
13-Jan-16,36,64,50,-
14-Jan-16,44,65,54.5,-
15-Jan-16,45,72,58.5,-
16-Jan-16,42,60,51,0.17
17-Jan-16,36,57,46.5,-
18-Jan-16,36,61,48.5,-
19-Jan-16,39,68,53.5,-
20-Jan-16,46,65,55.5,-
21-Jan-16,44,74,59,-
22-Jan-16,38,53,45.5,-
23-Jan-16,33,55,44,-
24-Jan-16,33,67,50,-
25-Jan-16,53,74,63.5,0.01
26-Jan-16,49,63,56,0.26
27-Jan-16,42,58,50,-
28-Jan-16,32,65,48.5,-
29-Jan-16,39,74,56.5,-
30-Jan-16,48,75,61.5,-
31-Jan-16,62,79,70.5,-
1-Feb-16,64,77,70.5,-
2-Feb-16,49,74,61.5,-
3-Feb-16,44,61,52.5,-
4-Feb-16,38,59,48.5,-
5-Feb-16,33,59,46,-
6-Feb-16,41,60,50.5,0.15
7-Feb-16,34,66,50,-
8-Feb-16,44,63,53.5,-
9-Feb-16,39,66,52.5,-
10-Feb-16,38,71,54.5,-
11-Feb-16,55,80,67.5,-
12-Feb-16,55,78,66.5,-
13-Feb-16,51,67,59,-
14-Feb-16,57,74,65.5,-
15-Feb-16,46,76,61,-
16-Feb-16,41,79,60,-
17-Feb-16,47,73,60,-
18-Feb-16,42,77,59.5,-
19-Feb-16,63,81,72,-
20-Feb-16,63,79,71,-
21-Feb-16,63,74,68.5,-
22-Feb-16,57,68,62.5,0.67
23-Feb-16,48,73,60.5,1.13
24-Feb-16,41,63,52,-
25-Feb-16,40,72,56,-
26-Feb-16,39,63,51,-
27-Feb-16,40,71,55.5,-
28-Feb-16,44,74,59,-
29-Feb-16,55,78,66.5,-
1-Mar-16,62,78,70,-
2-Mar-16,49,70,59.5,-
3-Mar-16,61,84,72.5,-
4-Mar-16,48,74,61,-
5-Mar-16,47,76,61.5,-
6-Mar-16,47,75,61,-
7-Mar-16,62,75,68.5,-
8-Mar-16,67,72,69.5,0.22
9-Mar-16,61,73,67,1.43
10-Mar-16,63,76,69.5,0.91
11-Mar-16,63,74,68.5,0.11
12-Mar-16,60,75,67.5,0.02
13-Mar-16,56,82,69,-
14-Mar-16,56,87,71.5,-
15-Mar-16,64,84,74,-
16-Mar-16,63,78,70.5,-
17-Mar-16,62,80,71,-
18-Mar-16,63,81,72,-
19-Mar-16,50,69,59.5,-
20-Mar-16,43,61,52,-
21-Mar-16,34,63,48.5,-
22-Mar-16,42,70,56,-
23-Mar-16,63,76,69.5,0.03
24-Mar-16,51,69,60,0.38
25-Mar-16,42,70,56,-
26-Mar-16,46,75,60.5,-
27-Mar-16,57,77,67,-
28-Mar-16,49,75,62,-
29-Mar-16,59,71,65,-
30-Mar-16,68,75,71.5,0.13
31-Mar-16,65,85,75,0.02
1-Apr-16,48,69,58.5,0.05
2-Apr-16,46,72,59,-
3-Apr-16,42,74,58,-
4-Apr-16,48,80,64,-
5-Apr-16,50,81,65.5,-
6-Apr-16,55,79,67,-
7-Apr-16,49,85,67,-
8-Apr-16,52,82,67,-
9-Apr-16,54,78,66,-
10-Apr-16,60,80,70,-
11-Apr-16,67,79,73,0.03
12-Apr-16,66,76,71,0.01
13-Apr-16,62,72,67,0.63
14-Apr-16,60,76,68,-
15-Apr-16,58,79,68.5,-
16-Apr-16,59,79,69,0.01
17-Apr-16,65,76,70.5,0.08
18-Apr-16,64,70,67,7.51
19-Apr-16,65,79,72,0.02
20-Apr-16,63,78,70.5,0.71
21-Apr-16,62,74,68,0.77
22-Apr-16,60,81,70.5,-
23-Apr-16,56,80,68,-
24-Apr-16,57,77,67,0.32
25-Apr-16,67,85,76,-
26-Apr-16,73,83,78,-
27-Apr-16,61,86,73.5,0.6
28-Apr-16,65,85,75,-
29-Apr-16,73,86,79.5,0.01
30-Apr-16,65,85,75,0.6
1-May-16,70,85,77.5,-
2-May-16,61,74,67.5,0.05
3-May-16,56,76,66,-
4-May-16,54,82,68,-
5-May-16,59,85,72,-
6-May-16,55,84,69.5,-
7-May-16,57,83,70,-
8-May-16,63,79,71,-
9-May-16,70,83,76.5,0.01
10-May-16,70,87,78.5,-
11-May-16,71,86,78.5,0.01
12-May-16,71,89,80,0.35
13-May-16,69,88,78.5,-
14-May-16,67,87,77,0.77
15-May-16,67,80,73.5,0.86
16-May-16,65,73,69,0.17
17-May-16,67,83,75,-
18-May-16,68,81,74.5,0.01
19-May-16,64,70,67,0.49
20-May-16,63,80,71.5,-
21-May-16,66,82,74,0.03
22-May-16,70,85,77.5,-
23-May-16,68,85,76.5,-
24-May-16,72,86,79,-
25-May-16,76,89,82.5,-
26-May-16,68,82,75,0.5
27-May-16,65,82,73.5,3.76
28-May-16,64,89,76.5,-
29-May-16,70,88,79,-
30-May-16,68,85,76.5,-
31-May-16,68,87,77.5,-
1-Jun-16,68,85,76.5,3.94
2-Jun-16,67,77,72,3.57
3-Jun-16,68,80,74,1.89
4-Jun-16,68,76,72,0.88
5-Jun-16,68,84,76,0.44
6-Jun-16,70,87,78.5,-
7-Jun-16,71,89,80,-
8-Jun-16,71,89,80,-
9-Jun-16,72,90,81,-
10-Jun-16,71,91,81,-
11-Jun-16,75,93,84,-
12-Jun-16,74,87,80.5,2.11
13-Jun-16,74,93,83.5,-
14-Jun-16,79,94,86.5,-
15-Jun-16,78,96,87,-
16-Jun-16,79,97,88,-
17-Jun-16,79,96,87.5,-
18-Jun-16,75,97,86,-
19-Jun-16,73,92,82.5,-
20-Jun-16,76,94,85,-
21-Jun-16,75,93,84,-
22-Jun-16,75,93,84,0.02
23-Jun-16,74,93,83.5,-
24-Jun-16,73,93,83,-
25-Jun-16,75,93,84,0.06
26-Jun-16,76,93,84.5,-
27-Jun-16,76,96,86,-
28-Jun-16,74,97,85.5,0.21
29-Jun-16,73,94,83.5,-
30-Jun-16,75,94,84.5,-
1-Jul-16,76,94,85,-
2-Jul-16,76,96,86,-
3-Jul-16,80,97,88.5,-
4-Jul-16,82,97,89.5,-
5-Jul-16,83,97,90,-
6-Jul-16,82,96,89,-
7-Jul-16,81,97,89,-
8-Jul-16,78,98,88,-
9-Jul-16,77,98,87.5,0.28
10-Jul-16,80,96,88,-
11-Jul-16,81,97,89,-
12-Jul-16,80,97,88.5,-
13-Jul-16,81,98,89.5,-
14-Jul-16,79,98,88.5,-
15-Jul-16,77,99,88,-
16-Jul-16,77,96,86.5,-
17-Jul-16,76,96,86,-
18-Jul-16,76,97,86.5,0.24
19-Jul-16,77,93,85,0.22
20-Jul-16,76,97,86.5,0.01
21-Jul-16,75,98,86.5,-
22-Jul-16,76,99,87.5,-
23-Jul-16,77,100,88.5,-
24-Jul-16,78,100,89,-
25-Jul-16,77,98,87.5,-
26-Jul-16,77,92,84.5,-
27-Jul-16,73,85,79,0.22
28-Jul-16,76,91,83.5,0.12
29-Jul-16,75,96,85.5,-
30-Jul-16,76,98,87,-
31-Jul-16,77,96,86.5,-
1-Aug-16,74,98,86,-
2-Aug-16,77,99,88,-
3-Aug-16,76,98,87,-
4-Aug-16,76,99,87.5,-
5-Aug-16,77,97,87,-
6-Aug-16,77,98,87.5,-
7-Aug-16,78,100,89,-
8-Aug-16,77,100,88.5,-
9-Aug-16,77,101,89,-
10-Aug-16,79,100,89.5,-
11-Aug-16,82,101,91.5,-
12-Aug-16,82,99,90.5,-
13-Aug-16,76,97,86.5,0.95
14-Aug-16,72,89,80.5,1.68
15-Aug-16,75,86,80.5,1.43
16-Aug-16,74,82,78,2.05
17-Aug-16,73,83,78,1.73
18-Aug-16,74,88,81,0.19
19-Aug-16,75,92,83.5,0.39
20-Aug-16,75,91,83,0.53
21-Aug-16,76,87,81.5,-
22-Aug-16,73,89,81,0.33
23-Aug-16,75,95,85,-
24-Aug-16,76,94,85,-
25-Aug-16,75,91,83,0.42
26-Aug-16,73,89,81,0.74
27-Aug-16,74,91,82.5,-
28-Aug-16,75,88,81.5,-
29-Aug-16,75,84,79.5,0.1
30-Aug-16,74,93,83.5,-
31-Aug-16,77,95,86,0.01
1-Sep-16,77,97,87,-
2-Sep-16,77,95,86,-
3-Sep-16,75,93,84,-
4-Sep-16,74,94,84,0.29
5-Sep-16,75,90,82.5,0.02
6-Sep-16,75,93,84,-
7-Sep-16,74,94,84,-
8-Sep-16,76,94,85,-
9-Sep-16,75,91,83,0.04
10-Sep-16,74,90,82,-
11-Sep-16,72,91,81.5,-
12-Sep-16,73,92,82.5,-
13-Sep-16,75,94,84.5,0.1
14-Sep-16,76,92,84,-
15-Sep-16,75,93,84,-
16-Sep-16,76,92,84,0.01
17-Sep-16,75,96,85.5,-
18-Sep-16,76,97,86.5,-
19-Sep-16,76,96,86,-
20-Sep-16,76,96,86,-
21-Sep-16,73,94,83.5,-
22-Sep-16,75,92,83.5,-
23-Sep-16,75,90,82.5,-
24-Sep-16,76,92,84,0.69
25-Sep-16,72,90,81,0.53
26-Sep-16,73,86,79.5,0.02
27-Sep-16,71,85,78,-
28-Sep-16,67,89,78,-
29-Sep-16,64,86,75,-
30-Sep-16,58,81,69.5,-
1-Oct-16,60,82,71,-
2-Oct-16,65,86,75.5,-
3-Oct-16,62,87,74.5,-
4-Oct-16,66,90,78,-
5-Oct-16,73,91,82,-
6-Oct-16,72,90,81,0.01
7-Oct-16,70,91,80.5,-
8-Oct-16,67,89,78,-
9-Oct-16,59,82,70.5,-
10-Oct-16,53,85,69,-
11-Oct-16,65,86,75.5,0.11
12-Oct-16,69,89,79,-
13-Oct-16,70,90,80,-
14-Oct-16,69,87,78,0.02
15-Oct-16,68,90,79,-
16-Oct-16,69,91,80,-
17-Oct-16,70,91,80.5,-
18-Oct-16,70,93,81.5,-
19-Oct-16,72,89,80.5,-
20-Oct-16,66,88,77,-
21-Oct-16,51,76,63.5,-
22-Oct-16,48,77,62.5,-
23-Oct-16,51,80,65.5,-
24-Oct-16,58,85,71.5,-
25-Oct-16,59,84,71.5,-
26-Oct-16,60,85,72.5,-
27-Oct-16,60,85,72.5,-
28-Oct-16,61,87,74,-
29-Oct-16,63,87,75,-
30-Oct-16,60,87,73.5,-
31-Oct-16,57,85,71,-
1-Nov-16,65,84,74.5,0.05
2-Nov-16,68,88,78,-
3-Nov-16,69,88,78.5,-
4-Nov-16,70,87,78.5,-
5-Nov-16,66,83,74.5,-
6-Nov-16,61,80,70.5,0.71
7-Nov-16,64,78,71,0.17
8-Nov-16,63,72,67.5,-
9-Nov-16,61,76,68.5,-
10-Nov-16,55,73,64,-
11-Nov-16,57,75,66,-
12-Nov-16,58,80,69,-
13-Nov-16,53,68,60.5,-
14-Nov-16,51,79,65,-
15-Nov-16,56,84,70,-
16-Nov-16,50,84,67,-
17-Nov-16,57,83,70,-
18-Nov-16,56,83,69.5,0.04
19-Nov-16,44,65,54.5,-
20-Nov-16,36,66,51,-
21-Nov-16,42,76,59,-
22-Nov-16,54,82,68,-
23-Nov-16,52,74,63,0.31
24-Nov-16,49,74,61.5,-
25-Nov-16,54,76,65,0.01
26-Nov-16,53,71,62,-
27-Nov-16,49,73,61,-
28-Nov-16,55,82,68.5,0.05
29-Nov-16,53,84,68.5,-
30-Nov-16,44,69,56.5,-
1-Dec-16,36,66,51,-
2-Dec-16,45,65,55,0.07
3-Dec-16,50,56,53,0.89
4-Dec-16,51,53,52,0.62
5-Dec-16,50,54,52,0.94
6-Dec-16,48,70,59,-
7-Dec-16,46,57,51.5,0.19
8-Dec-16,40,56,48,0.09
9-Dec-16,38,51,44.5,-
10-Dec-16,34,56,45,-
11-Dec-16,52,76,64,0.08
12-Dec-16,64,71,67.5,-
13-Dec-16,62,75,68.5,-
14-Dec-16,57,63,60,-
15-Dec-16,44,59,51.5,-
16-Dec-16,43,74,58.5,0.11
17-Dec-16,46,81,63.5,-
18-Dec-16,33,46,39.5,-
19-Dec-16,30,50,40,-
20-Dec-16,35,59,47,-
21-Dec-16,45,72,58.5,-
22-Dec-16,59,73,66,-
23-Dec-16,63,78,70.5,0.09
24-Dec-16,68,80,74,-
25-Dec-16,69,80,74.5,0.01
26-Dec-16,71,84,77.5,-
27-Dec-16,67,83,75,0.02
28-Dec-16,70,82,76,-
29-Dec-16,52,72,62,-
30-Dec-16,48,56,52,-
31-Dec-16,51,68,59.5,0.3
1-Jan-17,63,75,69,-
2-Jan-17,52,74,63,1.29
3-Jan-17,48,76,62,-
4-Jan-17,42,53,47.5,-
5-Jan-17,44,56,50,-
6-Jan-17,26,44,35,0.27
7-Jan-17,21,43,32,-
8-Jan-17,23,50,36.5,-
9-Jan-17,42,67,54.5,-
10-Jan-17,63,78,70.5,-
11-Jan-17,66,80,73,-
12-Jan-17,67,81,74,-
13-Jan-17,67,79,73,0.18
14-Jan-17,59,77,68,-
15-Jan-17,62,76,69,0.05
16-Jan-17,67,80,73.5,0.2
17-Jan-17,59,72,65.5,0.56
18-Jan-17,56,74,65,2.11
19-Jan-17,55,64,59.5,0.43
20-Jan-17,57,78,67.5,0.84
21-Jan-17,62,78,70,0.12
22-Jan-17,57,68,62.5,0.04
23-Jan-17,48,72,60,-
24-Jan-17,48,80,64,-
25-Jan-17,54,76,65,-
26-Jan-17,42,61,51.5,-
27-Jan-17,39,57,48,-
28-Jan-17,45,61,53,-
29-Jan-17,39,68,53.5,-
30-Jan-17,42,77,59.5,-
31-Jan-17,48,76,62,-
1-Feb-17,54,81,67.5,-
2-Feb-17,54,72,63,-
3-Feb-17,49,65,57,-
4-Feb-17,48,62,55,-
5-Feb-17,62,79,70.5,0.05
6-Feb-17,68,81,74.5,-
7-Feb-17,65,86,75.5,-
8-Feb-17,61,87,74,-
9-Feb-17,49,71,60,-
10-Feb-17,47,77,62,-
11-Feb-17,71,85,78,-
12-Feb-17,69,86,77.5,-
13-Feb-17,65,77,71,-
14-Feb-17,52,69,60.5,0.78
15-Feb-17,48,65,56.5,-
16-Feb-17,40,68,54,-
17-Feb-17,46,67,56.5,0.19
18-Feb-17,53,84,68.5,-
19-Feb-17,68,79,73.5,-
20-Feb-17,58,71,64.5,1.39
21-Feb-17,54,77,65.5,-
22-Feb-17,51,83,67,-
23-Feb-17,50,83,66.5,-
24-Feb-17,58,84,71,-
25-Feb-17,47,69,58,-
26-Feb-17,44,75,59.5,0.01
27-Feb-17,68,83,75.5,-
28-Feb-17,73,83,78,-
1-Mar-17,58,84,71,-
2-Mar-17,49,69,59,-
3-Mar-17,44,71,57.5,-
4-Mar-17,53,66,59.5,0.05
5-Mar-17,58,69,63.5,0.99
6-Mar-17,69,79,74,0.24
7-Mar-17,61,81,71,0.02
8-Mar-17,59,73,66,-
9-Mar-17,65,78,71.5,-
10-Mar-17,66,78,72,-
11-Mar-17,63,71,67,1.33
12-Mar-17,48,64,56,0.04
13-Mar-17,50,69,59.5,-
14-Mar-17,43,69,56,-
15-Mar-17,46,68,57,-
16-Mar-17,52,73,62.5,-
17-Mar-17,61,80,70.5,-
18-Mar-17,59,84,71.5,-
19-Mar-17,61,85,73,-
20-Mar-17,67,86,76.5,-
21-Mar-17,61,86,73.5,-
22-Mar-17,58,85,71.5,-
23-Mar-17,62,86,74,-
24-Mar-17,65,81,73,1.26
25-Mar-17,60,81,70.5,0.02
26-Mar-17,61,86,73.5,-
27-Mar-17,69,87,78,-
28-Mar-17,68,83,75.5,-
29-Mar-17,64,79,71.5,1.68
30-Mar-17,59,77,68,-
31-Mar-17,54,86,70,-
1-Apr-17,61,79,70,-
2-Apr-17,68,83,75.5,0.09
3-Apr-17,57,86,71.5,-
4-Apr-17,59,88,73.5,-
5-Apr-17,54,75,64.5,-
6-Apr-17,50,79,64.5,-
7-Apr-17,51,81,66,-
8-Apr-17,53,81,67,-
9-Apr-17,65,83,74,-
10-Apr-17,72,80,76,0.14
11-Apr-17,61,76,68.5,0.73
12-Apr-17,60,80,70,0.19
13-Apr-17,63,82,72.5,-
14-Apr-17,61,82,71.5,-
15-Apr-17,63,84,73.5,-
16-Apr-17,66,85,75.5,-
17-Apr-17,66,83,74.5,0.2
18-Apr-17,67,77,72,0.31
19-Apr-17,66,83,74.5,0.01
20-Apr-17,68,86,77,-
21-Apr-17,67,88,77.5,-
22-Apr-17,60,84,72,-
23-Apr-17,53,74,63.5,-
24-Apr-17,52,81,66.5,-
25-Apr-17,65,85,75,-
26-Apr-17,63,91,77,-
27-Apr-17,53,81,67,-
28-Apr-17,74,90,82,-
29-Apr-17,63,85,74,-
30-Apr-17,56,76,66,0.01
1-May-17,51,88,69.5,-
2-May-17,59,86,72.5,-
3-May-17,63,86,74.5,0.2
4-May-17,57,77,67,-
5-May-17,57,82,69.5,-
6-May-17,52,85,68.5,-
7-May-17,56,84,70,-
8-May-17,60,83,71.5,-
9-May-17,63,84,73.5,0.02
10-May-17,68,83,75.5,-
11-May-17,73,86,79.5,-
12-May-17,70,85,77.5,0.33
13-May-17,64,87,75.5,-
14-May-17,63,87,75,-
15-May-17,61,87,74,-
16-May-17,69,88,78.5,-
17-May-17,76,87,81.5,-
18-May-17,78,91,84.5,-
19-May-17,78,89,83.5,0.01
20-May-17,76,90,83,-
21-May-17,73,91,82,0.02
22-May-17,68,78,73,0.25
23-May-17,64,88,76,0.02
24-May-17,58,84,71,-
25-May-17,60,90,75,-
26-May-17,74,91,82.5,-
27-May-17,80,93,86.5,-
28-May-17,70,92,81,0.42
29-May-17,69,82,75.5,1.05
30-May-17,70,89,79.5,-
31-May-17,71,88,79.5,-
1-Jun-17,72,84,78,0.25
2-Jun-17,72,86,79,0.03
3-Jun-17,73,92,82.5,0.28
4-Jun-17,70,86,78,0.92
5-Jun-17,71,84,77.5,1.67
6-Jun-17,71,89,80,0.15
7-Jun-17,73,93,83,-
8-Jun-17,68,89,78.5,-
9-Jun-17,67,86,76.5,-
10-Jun-17,67,88,77.5,-
11-Jun-17,69,91,80,0.02
12-Jun-17,75,91,83,0.02
13-Jun-17,77,90,83.5,0.07
14-Jun-17,77,92,84.5,-
15-Jun-17,77,95,86,-
16-Jun-17,77,96,86.5,-
17-Jun-17,79,93,86,-
18-Jun-17,78,96,87,-
19-Jun-17,75,96,85.5,-
20-Jun-17,77,95,86,-
21-Jun-17,76,90,83,0.04
22-Jun-17,76,89,82.5,0.25
23-Jun-17,80,96,88,-
24-Jun-17,74,86,80,1.64
25-Jun-17,70,87,78.5,1.29
26-Jun-17,73,90,81.5,-
27-Jun-17,74,87,80.5,0.48
28-Jun-17,74,90,82,-
29-Jun-17,74,91,82.5,0.17
30-Jun-17,80,93,86.5,-
1-Jul-17,77,94,85.5,-
2-Jul-17,76,94,85,-
3-Jul-17,78,95,86.5,-
4-Jul-17,79,96,87.5,-
5-Jul-17,77,95,86,-
6-Jul-17,76,94,85,-
7-Jul-17,76,95,85.5,-
8-Jul-17,76,96,86,-
9-Jul-17,73,96,84.5,2.22
10-Jul-17,73,84,78.5,0.59
11-Jul-17,75,93,84,-
12-Jul-17,75,90,82.5,0.02
13-Jul-17,75,93,84,0.01
14-Jul-17,76,96,86,-
15-Jul-17,73,93,83,1.2
16-Jul-17,73,92,82.5,-
17-Jul-17,78,92,85,-
18-Jul-17,77,92,84.5,0.68
19-Jul-17,75,94,84.5,-
20-Jul-17,77,97,87,-
21-Jul-17,76,96,86,0.5
22-Jul-17,74,94,84,0.9
23-Jul-17,78,94,86,0.17
24-Jul-17,80,96,88,-
25-Jul-17,77,95,86,-
26-Jul-17,77,97,87,-
27-Jul-17,76,98,87,-
28-Jul-17,79,99,89,-
29-Jul-17,80,100,90,-
30-Jul-17,77,96,86.5,-
31-Jul-17,72,93,82.5,-
1-Aug-17,73,93,83,-
2-Aug-17,75,90,82.5,0.09
3-Aug-17,75,89,82,-
4-Aug-17,75,93,84,1.26
5-Aug-17,75,92,83.5,0.39
6-Aug-17,77,94,85.5,0.1
7-Aug-17,74,84,79,0.94
8-Aug-17,73,88,80.5,4.8
9-Aug-17,76,94,85,-
10-Aug-17,77,97,87,0.12
11-Aug-17,77,97,87,-
12-Aug-17,79,97,88,-
13-Aug-17,78,97,87.5,-
14-Aug-17,81,96,88.5,-
15-Aug-17,80,97,88.5,-
16-Aug-17,82,96,89,-
17-Aug-17,81,97,89,-
18-Aug-17,78,99,88.5,-
19-Aug-17,78,98,88,-
20-Aug-17,75,97,86,-
21-Aug-17,78,94,86,-
22-Aug-17,75,97,86,-
23-Aug-17,76,95,85.5,0.15
24-Aug-17,76,95,85.5,-
25-Aug-17,76,80,78,0.36
26-Aug-17,74,79,76.5,7.3
27-Aug-17,74,77,75.5,16.58
28-Aug-17,71,74,72.5,4.31
29-Aug-17,72,75,73.5,2.71
30-Aug-17,73,86,79.5,-
31-Aug-17,73,93,83,-
1-Sep-17,70,92,81,-
2-Sep-17,72,93,82.5,-
3-Sep-17,73,92,82.5,-
4-Sep-17,72,91,81.5,-
5-Sep-17,73,93,83,-
6-Sep-17,66,85,75.5,0.06
7-Sep-17,61,83,72,-
8-Sep-17,61,85,73,-
9-Sep-17,64,85,74.5,-
10-Sep-17,65,87,76,-
11-Sep-17,64,85,74.5,-
12-Sep-17,60,88,74,-
13-Sep-17,68,87,77.5,-
14-Sep-17,67,91,79,-
15-Sep-17,69,90,79.5,-
16-Sep-17,68,93,80.5,-
17-Sep-17,70,93,81.5,-
18-Sep-17,73,91,82,0.42
19-Sep-17,73,93,83,-
20-Sep-17,77,93,85,0.48
21-Sep-17,75,88,81.5,0.02
22-Sep-17,71,91,81,-
23-Sep-17,72,91,81.5,-
24-Sep-17,72,92,82,0.01
25-Sep-17,73,91,82,-
26-Sep-17,72,90,81,-
27-Sep-17,75,92,83.5,-
28-Sep-17,75,93,84,0.22
29-Sep-17,73,91,82,0.02
30-Sep-17,67,89,78,-
1-Oct-17,66,91,78.5,-
2-Oct-17,73,90,81.5,-
3-Oct-17,77,82,79.5,2.13
4-Oct-17,71,89,80,-
5-Oct-17,70,88,79,-
6-Oct-17,66,87,76.5,-
7-Oct-17,68,90,79,-
8-Oct-17,71,93,82,-
9-Oct-17,71,94,82.5,-
10-Oct-17,67,81,74,-
11-Oct-17,62,84,73,-
12-Oct-17,65,91,78,-
13-Oct-17,70,92,81,-
14-Oct-17,70,91,80.5,-
15-Oct-17,69,92,80.5,-
16-Oct-17,56,78,67,-
17-Oct-17,51,79,65,-
18-Oct-17,50,83,66.5,-
19-Oct-17,60,85,72.5,-
20-Oct-17,67,80,73.5,0.02
21-Oct-17,69,87,78,0.04
22-Oct-17,60,76,68,0.97
23-Oct-17,51,81,66,-
24-Oct-17,57,77,67,-
25-Oct-17,46,77,61.5,-
26-Oct-17,49,83,66,-
27-Oct-17,50,70,60,-
28-Oct-17,41,62,51.5,-
29-Oct-17,35,71,53,-
30-Oct-17,44,80,62,-
31-Oct-17,60,81,70.5,0.26
1-Nov-17,67,81,74,0.44
2-Nov-17,73,88,80.5,-
3-Nov-17,74,87,80.5,-
4-Nov-17,67,87,77,-
5-Nov-17,74,88,81,-
6-Nov-17,73,89,81,-
7-Nov-17,65,88,76.5,-
8-Nov-17,55,65,60,0.01
9-Nov-17,52,66,59,0.05
10-Nov-17,48,70,59,-
11-Nov-17,55,76,65.5,-
12-Nov-17,58,81,69.5,-
13-Nov-17,60,79,69.5,-
14-Nov-17,58,79,68.5,-
15-Nov-17,56,81,68.5,-
16-Nov-17,67,81,74,-
17-Nov-17,68,86,77,-
18-Nov-17,57,84,70.5,-
19-Nov-17,44,67,55.5,-
20-Nov-17,41,68,54.5,-
21-Nov-17,49,77,63,-
22-Nov-17,49,70,59.5,-
23-Nov-17,38,66,52,-
24-Nov-17,38,73,55.5,-
25-Nov-17,48,81,64.5,-
26-Nov-17,53,77,65,-
27-Nov-17,46,74,60,-
28-Nov-17,46,77,61.5,-
29-Nov-17,55,74,64.5,-
30-Nov-17,49,77,63,-
1-Dec-17,47,76,61.5,-
2-Dec-17,48,78,63,-
3-Dec-17,54,69,61.5,0.55
4-Dec-17,67,81,74,0.29
5-Dec-17,54,76,65,-
6-Dec-17,42,54,48,0.32
7-Dec-17,33,46,39.5,0.58
8-Dec-17,29,44,36.5,0.06
9-Dec-17,30,62,46,-
10-Dec-17,35,65,50,-
11-Dec-17,40,75,57.5,-
12-Dec-17,41,65,53,-
13-Dec-17,33,59,46,-
14-Dec-17,43,65,54,-
15-Dec-17,42,57,49.5,-
16-Dec-17,38,60,49,0.82
17-Dec-17,48,62,55,-
18-Dec-17,56,68,62,0.04
19-Dec-17,66,79,72.5,0.75
20-Dec-17,55,78,66.5,0.01
21-Dec-17,48,79,63.5,-
22-Dec-17,45,81,63,0.07
23-Dec-17,40,56,48,-
24-Dec-17,37,68,52.5,-
25-Dec-17,36,54,45,-
26-Dec-17,48,51,49.5,0.1
27-Dec-17,41,47,44,0.12
28-Dec-17,38,45,41.5,-
29-Dec-17,42,54,48,-
30-Dec-17,51,58,54.5,-
31-Dec-17,39,52,45.5,0.01
1-Jan-18,30,41,35.5,-
2-Jan-18,29,34,31.5,-
3-Jan-18,25,48,36.5,-
4-Jan-18,26,55,40.5,-
5-Jan-18,35,57,46,-
6-Jan-18,33,66,49.5,-
7-Jan-18,44,69,56.5,0.23
8-Jan-18,46,66,56,0.1
9-Jan-18,44,54,49,-
10-Jan-18,52,63,57.5,-
11-Jan-18,40,69,54.5,0.97
12-Jan-18,31,49,40,-
13-Jan-18,30,53,41.5,-
14-Jan-18,28,55,41.5,-
15-Jan-18,34,67,50.5,-
16-Jan-18,25,54,39.5,0.35
17-Jan-18,19,39,29,-
18-Jan-18,21,38,29.5,-
19-Jan-18,34,57,45.5,0.02
20-Jan-18,52,73,62.5,0.07
21-Jan-18,65,75,70,0.52
22-Jan-18,43,70,56.5,0.08
23-Jan-18,38,65,51.5,-
24-Jan-18,38,66,52,-
25-Jan-18,33,62,47.5,-
26-Jan-18,44,70,57,-
27-Jan-18,58,66,62,0.72
28-Jan-18,52,70,61,-
29-Jan-18,43,67,55,-
30-Jan-18,38,62,50,-
31-Jan-18,35,71,53,-
1-Feb-18,50,79,64.5,-
2-Feb-18,47,62,54.5,-
3-Feb-18,44,56,50,0.04
4-Feb-18,56,68,62,-
5-Feb-18,50,61,55.5,-
6-Feb-18,56,75,65.5,0.08
7-Feb-18,43,57,50,0.31
8-Feb-18,37,60,48.5,-
9-Feb-18,54,72,63,0.04
10-Feb-18,48,72,60,1.63
11-Feb-18,38,48,43,-
12-Feb-18,36,46,41,-
13-Feb-18,44,66,55,0.6
14-Feb-18,52,80,66,0.01
15-Feb-18,69,81,75,-
16-Feb-18,65,80,72.5,-
17-Feb-18,59,77,68,-
18-Feb-18,59,79,69,-
19-Feb-18,69,80,74.5,-
20-Feb-18,71,80,75.5,-
21-Feb-18,51,75,63,1.58
22-Feb-18,50,70,60,0.26
23-Feb-18,57,80,68.5,-
24-Feb-18,73,81,77,0.01
25-Feb-18,55,73,64,1.17
26-Feb-18,53,71,62,-
27-Feb-18,60,81,70.5,-
28-Feb-18,72,83,77.5,-
1-Mar-18,61,80,70.5,0.01
2-Mar-18,55,73,64,-
3-Mar-18,50,76,63,-
4-Mar-18,65,77,71,0.02
5-Mar-18,67,81,74,-
6-Mar-18,54,74,64,-
7-Mar-18,49,67,58,-
8-Mar-18,48,67,57.5,-
9-Mar-18,44,74,59,-
10-Mar-18,66,84,75,-
11-Mar-18,58,80,69,0.01
12-Mar-18,47,67,57,-
13-Mar-18,44,71,57.5,-
14-Mar-18,44,72,58,-
15-Mar-18,47,76,61.5,-
16-Mar-18,67,85,76,-
17-Mar-18,70,83,76.5,-
18-Mar-18,68,84,76,-
19-Mar-18,64,85,74.5,-
20-Mar-18,52,72,62,-
21-Mar-18,46,77,61.5,-
22-Mar-18,49,75,62,-
23-Mar-18,54,81,67.5,-
24-Mar-18,69,82,75.5,-
25-Mar-18,64,85,74.5,-
26-Mar-18,69,83,76,-
27-Mar-18,73,83,78,0.04
28-Mar-18,64,77,70.5,1.07
29-Mar-18,60,81,70.5,1.82
30-Mar-18,57,78,67.5,-
31-Mar-18,54,80,67,-
1-Apr-18,59,83,71,-
2-Apr-18,69,85,77,-
3-Apr-18,65,85,75,-
4-Apr-18,54,74,64,0.01
5-Apr-18,53,73,63,-
6-Apr-18,71,82,76.5,-
7-Apr-18,47,74,60.5,0.29
8-Apr-18,45,58,51.5,-
9-Apr-18,54,65,59.5,0.03
10-Apr-18,53,78,65.5,-
11-Apr-18,48,80,64,-
12-Apr-18,57,84,70.5,-
13-Apr-18,67,84,75.5,-
14-Apr-18,50,68,59,0.45
15-Apr-18,47,70,58.5,-
16-Apr-18,43,80,61.5,-
17-Apr-18,61,84,72.5,-
18-Apr-18,68,82,75,-
19-Apr-18,56,77,66.5,-
20-Apr-18,52,67,59.5,-
21-Apr-18,59,74,66.5,0.34
22-Apr-18,58,73,65.5,0.07
23-Apr-18,51,80,65.5,-
24-Apr-18,54,85,69.5,-
25-Apr-18,60,86,73,-
26-Apr-18,54,77,65.5,-
27-Apr-18,53,80,66.5,-
28-Apr-18,56,84,70,-
29-Apr-18,58,83,70.5,-
30-Apr-18,56,81,68.5,-
1-May-18,70,81,75.5,-
2-May-18,74,87,80.5,-
3-May-18,75,86,80.5,-
4-May-18,67,82,74.5,0.8
5-May-18,65,84,74.5,0.63
6-May-18,64,87,75.5,-
7-May-18,64,91,77.5,-
8-May-18,65,90,77.5,-
9-May-18,64,90,77,-
10-May-18,63,89,76,-
11-May-18,71,89,80,-
12-May-18,74,90,82,-
13-May-18,70,91,80.5,-
14-May-18,69,93,81,-
15-May-18,65,94,79.5,-
16-May-18,66,94,80,-
17-May-18,73,96,84.5,-
18-May-18,74,94,84,-
19-May-18,76,93,84.5,-
20-May-18,68,87,77.5,1.06
21-May-18,68,85,76.5,0.39
22-May-18,70,90,80,0.16
23-May-18,69,84,76.5,0.17
24-May-18,70,91,80.5,-
25-May-18,71,91,81,0.03
26-May-18,69,94,81.5,0.59
27-May-18,68,92,80,-
28-May-18,72,94,83,-
29-May-18,77,95,86,-
30-May-18,72,94,83,-
31-May-18,75,94,84.5,-
1-Jun-18,75,96,85.5,-
2-Jun-18,78,96,87,-
3-Jun-18,72,97,84.5,0.01
4-Jun-18,72,94,83,-
5-Jun-18,77,98,87.5,-
6-Jun-18,77,96,86.5,0.25
7-Jun-18,74,94,84,-
8-Jun-18,74,95,84.5,-
9-Jun-18,72,95,83.5,-
10-Jun-18,80,96,88,-
11-Jun-18,80,95,87.5,-
12-Jun-18,78,97,87.5,-
13-Jun-18,74,97,85.5,-
14-Jun-18,75,94,84.5,-
15-Jun-18,73,94,83.5,-
16-Jun-18,75,95,85,-
17-Jun-18,77,87,82,1.26
18-Jun-18,75,84,79.5,1.4
19-Jun-18,74,82,78,1.77
20-Jun-18,76,88,82,1.43
21-Jun-18,76,89,82.5,-
22-Jun-18,77,96,86.5,-
23-Jun-18,77,95,86,-
24-Jun-18,79,94,86.5,-
25-Jun-18,76,91,83.5,0.51
26-Jun-18,75,95,85,-
27-Jun-18,77,95,86,-
28-Jun-18,80,95,87.5,0.01
29-Jun-18,79,95,87,-
30-Jun-18,79,96,87.5,-
1-Jul-18,75,97,86,-
2-Jul-18,77,97,87,-
3-Jul-18,76,97,86.5,-
4-Jul-18,72,78,75,4.19
5-Jul-18,72,94,83,0.05
6-Jul-18,74,93,83.5,0.03
7-Jul-18,74,93,83.5,-
8-Jul-18,74,88,81,0.19
9-Jul-18,75,86,80.5,-
10-Jul-18,73,93,83,-
11-Jul-18,77,96,86.5,-
12-Jul-18,78,95,86.5,-
13-Jul-18,75,95,85,-
14-Jul-18,76,94,85,0.02
15-Jul-18,77,95,86,-
16-Jul-18,76,97,86.5,-
17-Jul-18,77,96,86.5,-
18-Jul-18,79,97,88,-
19-Jul-18,80,98,89,-
20-Jul-18,80,99,89.5,-
21-Jul-18,80,99,89.5,-
22-Jul-18,80,100,90,-
23-Jul-18,80,101,90.5,-
24-Jul-18,77,96,86.5,-
25-Jul-18,74,97,85.5,-
26-Jul-18,75,100,87.5,-
27-Jul-18,74,99,86.5,-
28-Jul-18,77,98,87.5,-
29-Jul-18,79,100,89.5,-
30-Jul-18,80,98,89,-
31-Jul-18,73,87,80,1.56
1-Aug-18,72,94,83,-
2-Aug-18,71,96,83.5,-
3-Aug-18,73,95,84,-
4-Aug-18,74,91,82.5,0.04
5-Aug-18,74,93,83.5,-
6-Aug-18,76,91,83.5,0.51
7-Aug-18,75,94,84.5,-
8-Aug-18,76,96,86,-
9-Aug-18,75,95,85,0.01
10-Aug-18,75,96,85.5,0.14
11-Aug-18,75,91,83,0.09
12-Aug-18,75,93,84,-
13-Aug-18,76,95,85.5,-
14-Aug-18,74,95,84.5,-
15-Aug-18,77,95,86,-
16-Aug-18,77,97,87,-
17-Aug-18,77,97,87,-
18-Aug-18,78,97,87.5,-
19-Aug-18,80,97,88.5,-
20-Aug-18,81,98,89.5,-
21-Aug-18,76,100,88,0.05
22-Aug-18,77,99,88,-
23-Aug-18,78,95,86.5,-
24-Aug-18,76,96,86,-
25-Aug-18,75,96,85.5,-
26-Aug-18,77,95,86,-
27-Aug-18,77,93,85,-
28-Aug-18,77,97,87,-
29-Aug-18,74,88,81,0.01
30-Aug-18,72,93,82.5,-
31-Aug-18,75,96,85.5,-
1-Sep-18,77,91,84,0.19
2-Sep-18,76,84,80,0.66
3-Sep-18,75,78,76.5,0.34
4-Sep-18,75,88,81.5,0.26
5-Sep-18,76,92,84,-
6-Sep-18,76,92,84,-
7-Sep-18,75,91,83,1.33
8-Sep-18,75,93,84,0.04
9-Sep-18,74,89,81.5,0.01
10-Sep-18,74,80,77,0.1
11-Sep-18,73,80,76.5,0.41
12-Sep-18,75,85,80,0.43
13-Sep-18,74,86,80,0.03
14-Sep-18,75,78,76.5,1.22
15-Sep-18,74,92,83,-
16-Sep-18,73,95,84,-
17-Sep-18,77,96,86.5,-
18-Sep-18,78,96,87,-
19-Sep-18,75,94,84.5,-
20-Sep-18,74,90,82,0.69
21-Sep-18,74,88,81,0.41
22-Sep-18,74,86,80,0.74
23-Sep-18,70,84,77,0.5
24-Sep-18,70,89,79.5,-
25-Sep-18,73,89,81,0.02
26-Sep-18,74,89,81.5,0.39
27-Sep-18,70,80,75,-
28-Sep-18,69,82,75.5,0.01
29-Sep-18,72,79,75.5,0.83
30-Sep-18,72,85,78.5,-
1-Oct-18,72,84,78,0.9
2-Oct-18,72,90,81,-
3-Oct-18,74,90,82,0.03
4-Oct-18,74,91,82.5,-
5-Oct-18,74,90,82,-
6-Oct-18,74,91,82.5,-
7-Oct-18,75,90,82.5,-
8-Oct-18,73,88,80.5,0.36
9-Oct-18,71,89,80,0.1
10-Oct-18,69,85,77,-
11-Oct-18,63,82,72.5,-
12-Oct-18,60,84,72,-
13-Oct-18,70,89,79.5,-
14-Oct-18,74,91,82.5,-
15-Oct-18,55,78,66.5,0.97
16-Oct-18,56,61,58.5,-
17-Oct-18,56,64,60,-
18-Oct-18,56,74,65,1.02
19-Oct-18,64,81,72.5,0.49
20-Oct-18,63,72,67.5,0.09
21-Oct-18,58,73,65.5,-
22-Oct-18,51,65,58,-
23-Oct-18,54,64,59,0.4
24-Oct-18,62,69,65.5,0.25
25-Oct-18,58,69,63.5,0.15
26-Oct-18,54,77,65.5,-
27-Oct-18,53,82,67.5,-
28-Oct-18,60,85,72.5,-
29-Oct-18,60,86,73,-
30-Oct-18,65,85,75,-
31-Oct-18,64,77,70.5,2.18
1-Nov-18,53,68,60.5,0.08
2-Nov-18,48,73,60.5,-
3-Nov-18,50,78,64,-
4-Nov-18,60,74,67,0.71
5-Nov-18,61,86,73.5,0.03
6-Nov-18,73,88,80.5,-
7-Nov-18,70,89,79.5,-
8-Nov-18,64,71,67.5,-
9-Nov-18,49,64,56.5,0.16
10-Nov-18,47,51,49,-
11-Nov-18,46,58,52,0.12
12-Nov-18,43,55,49,0.07
13-Nov-18,34,43,38.5,-
14-Nov-18,31,53,42,-
15-Nov-18,30,61,45.5,-
16-Nov-18,38,69,53.5,-
17-Nov-18,45,73,59,-
18-Nov-18,50,68,59,0.25
19-Nov-18,46,52,49,0.06
20-Nov-18,43,63,53,-
21-Nov-18,42,63,52.5,0.06
22-Nov-18,49,66,57.5,0.12
23-Nov-18,51,78,64.5,0.01
24-Nov-18,47,78,62.5,-
25-Nov-18,51,76,63.5,-
26-Nov-18,42,58,50,-
27-Nov-18,35,63,49,-
28-Nov-18,41,70,55.5,-
29-Nov-18,67,76,71.5,0.16
30-Nov-18,69,81,75,0.01
1-Dec-18,54,80,67,-
2-Dec-18,49,78,63.5,-
3-Dec-18,48,68,58,-
4-Dec-18,41,62,51.5,-
5-Dec-18,38,60,49,-
6-Dec-18,43,62,52.5,0.03
7-Dec-18,54,75,64.5,4.26
8-Dec-18,44,55,49.5,0.44
9-Dec-18,43,48,45.5,-
10-Dec-18,39,60,49.5,-
11-Dec-18,34,63,48.5,-
12-Dec-18,49,69,59,-
13-Dec-18,48,75,61.5,0.69
14-Dec-18,45,52,48.5,-
15-Dec-18,47,65,56,-
16-Dec-18,39,67,53,-
17-Dec-18,46,71,58.5,-
18-Dec-18,45,62,53.5,-
19-Dec-18,49,58,53.5,0.09
20-Dec-18,51,64,57.5,0.06
21-Dec-18,43,64,53.5,-
22-Dec-18,41,76,58.5,-
23-Dec-18,49,70,59.5,-
24-Dec-18,46,66,56,-
25-Dec-18,60,71,65.5,-
26-Dec-18,60,70,65,0.41
27-Dec-18,54,73,63.5,1.29
28-Dec-18,44,62,53,-
29-Dec-18,47,53,50,-
30-Dec-18,45,49,47,0.3
31-Dec-18,44,59,51.5,0.05
1-Jan-19,40,65,52.5,-
2-Jan-19,50,56,53,1.41
3-Jan-19,40,56,48,0.22
4-Jan-19,36,62,49,-
5-Jan-19,37,72,54.5,-
6-Jan-19,43,74,58.5,-
7-Jan-19,61,75,68,-
8-Jan-19,55,79,67,-
9-Jan-19,45,65,55,-
10-Jan-19,40,61,50.5,-
11-Jan-19,43,67,55,-
12-Jan-19,46,66,56,0.61
13-Jan-19,41,59,50,-
14-Jan-19,37,56,46.5,-
15-Jan-19,43,54,48.5,-
16-Jan-19,48,62,55,0.03
17-Jan-19,54,69,61.5,0.04
18-Jan-19,51,71,61,-
19-Jan-19,38,71,54.5,0.5
20-Jan-19,32,54,43,-
21-Jan-19,35,63,49,-
22-Jan-19,60,73,66.5,0.03
23-Jan-19,35,67,51,0.82
24-Jan-19,30,60,45,-
25-Jan-19,35,62,48.5,-
26-Jan-19,41,66,53.5,0.01
27-Jan-19,42,67,54.5,0.02
28-Jan-19,44,72,58,0.15
29-Jan-19,37,52,44.5,-
30-Jan-19,38,52,45,-
31-Jan-19,46,59,52.5,0.14
1-Feb-19,55,69,62,0.01
2-Feb-19,56,68,62,0.01
3-Feb-19,59,70,64.5,0.05
4-Feb-19,66,77,71.5,-
5-Feb-19,68,77,72.5,-
6-Feb-19,71,82,76.5,-
7-Feb-19,44,76,60,0.02
8-Feb-19,37,44,40.5,-
9-Feb-19,37,45,41,-
10-Feb-19,44,70,57,-
11-Feb-19,64,75,69.5,0.34
12-Feb-19,48,68,58,-
13-Feb-19,37,65,51,-
14-Feb-19,50,77,63.5,-
15-Feb-19,59,79,69,-
16-Feb-19,57,69,63,0.01
17-Feb-19,49,70,59.5,0.07
18-Feb-19,46,67,56.5,-
19-Feb-19,45,50,47.5,0.24
20-Feb-19,45,65,55,0.03
21-Feb-19,50,54,52,0.14
22-Feb-19,50,71,60.5,0.05
23-Feb-19,59,79,69,-
24-Feb-19,48,69,58.5,-
25-Feb-19,45,60,52.5,0.03
26-Feb-19,53,62,57.5,0.56
27-Feb-19,60,70,65,0.03
28-Feb-19,45,67,56,0.14
1-Mar-19,45,61,53,-
2-Mar-19,55,73,64,0.05
3-Mar-19,43,64,53.5,0.03
4-Mar-19,35,43,39,-
5-Mar-19,30,51,40.5,-
6-Mar-19,32,57,44.5,-
7-Mar-19,51,71,61,0.01
8-Mar-19,68,82,75,-
9-Mar-19,69,82,75.5,-
10-Mar-19,65,82,73.5,-
11-Mar-19,65,84,74.5,-
12-Mar-19,63,73,68,-
13-Mar-19,63,74,68.5,0.25
14-Mar-19,61,77,69,0.13
15-Mar-19,50,66,58,-
16-Mar-19,50,64,57,-
17-Mar-19,48,66,57,-
18-Mar-19,45,71,58,-
19-Mar-19,47,72,59.5,-
20-Mar-19,46,77,61.5,-
21-Mar-19,49,78,63.5,-
22-Mar-19,50,81,65.5,-
23-Mar-19,55,74,64.5,-
24-Mar-19,57,81,69,-
25-Mar-19,62,87,74.5,-
26-Mar-19,54,78,66,-
27-Mar-19,50,75,62.5,-
28-Mar-19,50,77,63.5,-
29-Mar-19,59,79,69,0.03
30-Mar-19,51,78,64.5,-
31-Mar-19,43,56,49.5,-
1-Apr-19,38,57,47.5,-
2-Apr-19,37,72,54.5,-
3-Apr-19,47,73,60,0.04
4-Apr-19,65,84,74.5,0.29
5-Apr-19,69,83,76,-
6-Apr-19,70,84,77,0.02
7-Apr-19,62,76,69,0.97
8-Apr-19,63,84,73.5,0.01
9-Apr-19,61,90,75.5,-
10-Apr-19,61,91,76,-
11-Apr-19,64,79,71.5,0.04
12-Apr-19,60,73,66.5,0.13
13-Apr-19,51,85,68,0.21
14-Apr-19,48,73,60.5,-
15-Apr-19,48,80,64,-
16-Apr-19,59,81,70,-
17-Apr-19,70,78,74,0.03
18-Apr-19,59,76,67.5,1.51
19-Apr-19,54,74,64,-
20-Apr-19,48,79,63.5,-
21-Apr-19,54,82,68,-
22-Apr-19,61,80,70.5,-
23-Apr-19,67,77,72,0.02
24-Apr-19,66,80,73,0.05
25-Apr-19,63,85,74,0.02
26-Apr-19,60,86,73,-
27-Apr-19,64,84,74,-
28-Apr-19,62,83,72.5,-
29-Apr-19,69,88,78.5,-
30-Apr-19,76,87,81.5,-
1-May-19,76,86,81,-
2-May-19,67,84,75.5,0.45
3-May-19,69,77,73,0.07
4-May-19,67,86,76.5,0.81
5-May-19,65,86,75.5,-
6-May-19,63,84,73.5,-
7-May-19,68,81,74.5,1.9
8-May-19,71,83,77,0.1
9-May-19,68,89,78.5,2.48
10-May-19,67,77,72,0.67
11-May-19,67,78,72.5,0.4
12-May-19,64,79,71.5,-
13-May-19,59,84,71.5,-
14-May-19,65,86,75.5,-
15-May-19,67,86,76.5,-
16-May-19,64,87,75.5,-
17-May-19,66,86,76,-
18-May-19,77,84,80.5,0.09
19-May-19,78,93,85.5,-
20-May-19,77,90,83.5,-
21-May-19,79,90,84.5,-
22-May-19,80,90,85,-
23-May-19,78,88,83,-
24-May-19,75,89,82,-
25-May-19,74,91,82.5,-
26-May-19,71,90,80.5,-
27-May-19,73,91,82,-
28-May-19,77,92,84.5,-
29-May-19,75,89,82,-
30-May-19,72,91,81.5,0.06
31-May-19,72,93,82.5,0.13
1-Jun-19,70,95,82.5,-
2-Jun-19,74,96,85,-
3-Jun-19,73,95,84,-
4-Jun-19,72,95,83.5,0.01
5-Jun-19,73,79,76,2.45
6-Jun-19,75,95,85,-
7-Jun-19,74,95,84.5,-
8-Jun-19,72,95,83.5,-
9-Jun-19,73,97,85,-
10-Jun-19,76,93,84.5,-
11-Jun-19,71,88,79.5,-
12-Jun-19,69,91,80,0.01
13-Jun-19,72,92,82,-
14-Jun-19,73,91,82,-
15-Jun-19,77,94,85.5,-
16-Jun-19,67,90,78.5,1.42
17-Jun-19,68,89,78.5,0.09
18-Jun-19,74,94,84,-
19-Jun-19,78,96,87,-
20-Jun-19,78,94,86,-
21-Jun-19,82,94,88,-
22-Jun-19,82,93,87.5,0.02
23-Jun-19,83,94,88.5,0.02
24-Jun-19,68,88,78,1.28
25-Jun-19,73,84,78.5,0.3
26-Jun-19,72,87,79.5,0.02
27-Jun-19,74,90,82,0.08
28-Jun-19,71,94,82.5,0.38
29-Jun-19,71,90,80.5,0.8
30-Jun-19,71,87,79,-
1-Jul-19,75,93,84,-
2-Jul-19,74,90,82,0.13
3-Jul-19,73,88,80.5,-
4-Jul-19,74,92,83,1.21
5-Jul-19,78,95,86.5,-
6-Jul-19,75,96,85.5,-
7-Jul-19,77,96,86.5,-
8-Jul-19,76,97,86.5,0.31
9-Jul-19,80,96,88,-
10-Jul-19,78,97,87.5,-
11-Jul-19,77,96,86.5,-
12-Jul-19,80,96,88,-
13-Jul-19,78,92,85,0.45
14-Jul-19,77,92,84.5,-
15-Jul-19,79,92,85.5,-
16-Jul-19,80,96,88,-
17-Jul-19,79,94,86.5,0.21
18-Jul-19,76,96,86,-
19-Jul-19,76,94,85,-
20-Jul-19,77,96,86.5,0.01
21-Jul-19,76,95,85.5,-
22-Jul-19,78,95,86.5,-
23-Jul-19,75,90,82.5,-
24-Jul-19,68,90,79,-
25-Jul-19,66,91,78.5,-
26-Jul-19,69,94,81.5,-
27-Jul-19,75,95,85,-
28-Jul-19,75,92,83.5,0.04
29-Jul-19,76,97,86.5,0.42
30-Jul-19,74,97,85.5,0.01
31-Jul-19,74,96,85,-
1-Aug-19,75,95,85,-
2-Aug-19,76,96,86,-
3-Aug-19,78,94,86,-
4-Aug-19,78,94,86,0.13
5-Aug-19,77,96,86.5,-
6-Aug-19,77,97,87,-
7-Aug-19,80,99,89.5,-
8-Aug-19,81,101,91,-
9-Aug-19,82,101,91.5,-
10-Aug-19,77,101,89,-
11-Aug-19,79,101,90,-
12-Aug-19,81,101,91,-
13-Aug-19,81,103,92,-
14-Aug-19,80,102,91,-
15-Aug-19,78,99,88.5,-
16-Aug-19,78,98,88,-
17-Aug-19,81,98,89.5,-
18-Aug-19,78,97,87.5,0.05
19-Aug-19,78,99,88.5,-
20-Aug-19,77,95,86,0.09
21-Aug-19,77,98,87.5,-
22-Aug-19,76,96,86,0.02
23-Aug-19,77,94,85.5,0.16
24-Aug-19,77,95,86,0.01
25-Aug-19,77,96,86.5,1.5
26-Aug-19,78,98,88,-
27-Aug-19,79,98,88.5,-
28-Aug-19,74,95,84.5,0.29
29-Aug-19,74,94,84,0.17
30-Aug-19,75,95,85,-
31-Aug-19,75,96,85.5,-
1-Sep-19,76,100,88,-
2-Sep-19,75,99,87,-
3-Sep-19,75,98,86.5,-
4-Sep-19,77,99,88,-
5-Sep-19,74,99,86.5,-
6-Sep-19,76,99,87.5,-
7-Sep-19,74,99,86.5,-
8-Sep-19,71,98,84.5,-
9-Sep-19,75,97,86,-
10-Sep-19,76,93,84.5,1.63
11-Sep-19,76,93,84.5,0.05
12-Sep-19,75,96,85.5,0.05
13-Sep-19,75,97,86,-
14-Sep-19,74,98,86,-
15-Sep-19,75,96,85.5,-
16-Sep-19,75,94,84.5,-
17-Sep-19,75,82,78.5,0.53
18-Sep-19,75,83,79,2.06
19-Sep-19,74,82,78,9.21
20-Sep-19,75,87,81,0.88
21-Sep-19,75,90,82.5,-
22-Sep-19,75,90,82.5,-
23-Sep-19,75,91,83,0.26
24-Sep-19,73,90,81.5,-
25-Sep-19,72,91,81.5,-
26-Sep-19,71,92,81.5,-
27-Sep-19,73,85,79,0.28
28-Sep-19,75,91,83,-
29-Sep-19,75,91,83,-
30-Sep-19,77,92,84.5,-
1-Oct-19,74,91,82.5,-
2-Oct-19,74,92,83,-
3-Oct-19,74,93,83.5,0.02
4-Oct-19,72,93,82.5,-
5-Oct-19,72,93,82.5,-
6-Oct-19,72,91,81.5,-
7-Oct-19,68,83,75.5,-
8-Oct-19,65,84,74.5,-
9-Oct-19,66,89,77.5,-
10-Oct-19,73,92,82.5,-
11-Oct-19,52,79,65.5,0.49
12-Oct-19,53,72,62.5,-
13-Oct-19,56,82,69,-
14-Oct-19,69,88,78.5,0.11
15-Oct-19,76,92,84,-
16-Oct-19,59,79,69,1.03
17-Oct-19,55,68,61.5,-
18-Oct-19,54,81,67.5,-
19-Oct-19,62,90,76,-
20-Oct-19,74,90,82,-
21-Oct-19,60,81,70.5,0.61
22-Oct-19,53,80,66.5,-
23-Oct-19,53,80,66.5,-
24-Oct-19,60,83,71.5,-
25-Oct-19,51,67,59,1.19
26-Oct-19,51,68,59.5,-
27-Oct-19,51,78,64.5,-
28-Oct-19,60,78,69,-
29-Oct-19,67,74,70.5,2.04
30-Oct-19,45,70,57.5,0.25
31-Oct-19,40,57,48.5,0.06
1-Nov-19,36,60,48,-
2-Nov-19,46,68,57,-
3-Nov-19,42,69,55.5,-
4-Nov-19,52,76,64,-
5-Nov-19,64,83,73.5,-
6-Nov-19,59,81,70,-
7-Nov-19,52,72,62,0.83
8-Nov-19,46,55,50.5,0.01
9-Nov-19,41,68,54.5,-
10-Nov-19,44,75,59.5,-
11-Nov-19,39,76,57.5,0.01
12-Nov-19,34,48,41,-
13-Nov-19,30,46,38,-
14-Nov-19,43,48,45.5,0.16
15-Nov-19,40,64,52,-
16-Nov-19,37,64,50.5,-
17-Nov-19,40,69,54.5,-
18-Nov-19,47,74,60.5,-
19-Nov-19,46,79,62.5,-
20-Nov-19,54,80,67,-
21-Nov-19,71,80,75.5,-
22-Nov-19,54,79,66.5,0.04
23-Nov-19,47,66,56.5,-
24-Nov-19,42,69,55.5,-
25-Nov-19,48,80,64,-
26-Nov-19,73,82,77.5,-
27-Nov-19,61,76,68.5,-
28-Nov-19,61,73,67,-
29-Nov-19,69,75,72,-
30-Nov-19,68,81,74.5,0.07
1-Dec-19,49,68,58.5,-
2-Dec-19,42,65,53.5,-
3-Dec-19,38,71,54.5,-
4-Dec-19,47,75,61,-
5-Dec-19,49,77,63,-
6-Dec-19,57,75,66,-
7-Dec-19,49,73,61,-
8-Dec-19,47,75,61,-
9-Dec-19,66,84,75,-
10-Dec-19,46,72,59,0.23
11-Dec-19,42,60,51,-
12-Dec-19,38,63,50.5,-
13-Dec-19,50,75,62.5,-
14-Dec-19,43,74,58.5,-
15-Dec-19,63,84,73.5,-
16-Dec-19,44,80,62,0.06
17-Dec-19,39,55,47,-
18-Dec-19,32,59,45.5,-
19-Dec-19,31,60,45.5,-
20-Dec-19,43,54,48.5,0.02
21-Dec-19,45,56,50.5,-
22-Dec-19,42,63,52.5,-
23-Dec-19,41,71,56,-
24-Dec-19,41,74,57.5,-
25-Dec-19,45,73,59,-
26-Dec-19,50,76,63,-
27-Dec-19,54,69,61.5,-
28-Dec-19,63,78,70.5,0.1
29-Dec-19,49,70,59.5,0.73
30-Dec-19,39,62,50.5,-
31-Dec-19,36,62,49,-
1-Jan-20,47,60,53.5,0.09
2-Jan-20,59,65,62,0.22
3-Jan-20,52,69,60.5,-
4-Jan-20,40,69,54.5,-
5-Jan-20,40,74,57,-
6-Jan-20,45,75,60,-
7-Jan-20,41,68,54.5,-
8-Jan-20,35,68,51.5,-
9-Jan-20,60,75,67.5,-
10-Jan-20,70,76,73,0.18
11-Jan-20,39,69,54,0.93
12-Jan-20,34,57,45.5,-
13-Jan-20,50,64,57,0.11
14-Jan-20,64,79,71.5,0.24
15-Jan-20,69,81,75,-
16-Jan-20,64,77,70.5,0.01
17-Jan-20,60,72,66,0.01
18-Jan-20,55,74,64.5,0.01
19-Jan-20,44,63,53.5,-
20-Jan-20,38,62,50,-
21-Jan-20,35,61,48,-
22-Jan-20,43,60,51.5,1.26
23-Jan-20,46,61,53.5,0.14
24-Jan-20,40,67,53.5,-
25-Jan-20,41,66,53.5,-
26-Jan-20,53,75,64,0.13
27-Jan-20,50,62,56,-
28-Jan-20,50,63,56.5,0.51
29-Jan-20,47,55,51,-
30-Jan-20,49,56,52.5,-
31-Jan-20,43,61,52,-
1-Feb-20,41,69,55,-
2-Feb-20,47,76,61.5,-
3-Feb-20,57,76,66.5,-
4-Feb-20,59,80,69.5,-
5-Feb-20,41,59,50,0.02
6-Feb-20,36,52,44,0.07
7-Feb-20,33,72,52.5,-
8-Feb-20,50,73,61.5,-
9-Feb-20,57,73,65,0.11
10-Feb-20,53,78,65.5,0.03
11-Feb-20,50,57,53.5,0.05
12-Feb-20,50,57,53.5,0.01
13-Feb-20,42,60,51,-
14-Feb-20,36,62,49,-
15-Feb-20,40,67,53.5,-
16-Feb-20,59,72,65.5,-
17-Feb-20,58,81,69.5,0.01
18-Feb-20,60,79,69.5,-
19-Feb-20,51,60,55.5,0.01
20-Feb-20,45,51,48,0.58
21-Feb-20,39,57,48,-
22-Feb-20,37,64,50.5,-
23-Feb-20,49,68,58.5,-
24-Feb-20,53,73,63,0.69
25-Feb-20,47,73,60,-
26-Feb-20,42,57,49.5,-
27-Feb-20,32,61,46.5,-
28-Feb-20,39,74,56.5,-
29-Feb-20,43,75,59,-
1-Mar-20,62,72,67,0.04
2-Mar-20,66,81,73.5,-
3-Mar-20,68,84,76,-
4-Mar-20,57,76,66.5,0.13
5-Mar-20,55,75,65,-
6-Mar-20,49,74,61.5,-
7-Mar-20,42,62,52,-
8-Mar-20,46,73,59.5,-
9-Mar-20,62,74,68,-
10-Mar-20,62,82,72,0.6
11-Mar-20,59,83,71,-
12-Mar-20,69,84,76.5,-
13-Mar-20,70,83,76.5,-
14-Mar-20,71,82,76.5,-
15-Mar-20,65,84,74.5,-
16-Mar-20,63,76,69.5,-
17-Mar-20,69,85,77,-
18-Mar-20,71,83,77,-
19-Mar-20,74,85,79.5,-
20-Mar-20,56,76,66,1.08
21-Mar-20,54,61,57.5,0.36
22-Mar-20,58,78,68,0.01
23-Mar-20,69,86,77.5,-
24-Mar-20,71,88,79.5,-
25-Mar-20,71,90,80.5,-
26-Mar-20,68,88,78,-
27-Mar-20,67,90,78.5,-
28-Mar-20,58,81,69.5,0.04
29-Mar-20,54,81,67.5,-
30-Mar-20,64,83,73.5,0.02
31-Mar-20,56,76,66,-
1-Apr-20,52,75,63.5,-
2-Apr-20,59,75,67,-
3-Apr-20,65,82,73.5,0.55
4-Apr-20,54,68,61,0.79
5-Apr-20,58,74,66,-
6-Apr-20,64,77,70.5,0.27
7-Apr-20,72,87,79.5,-
8-Apr-20,72,88,80,-
9-Apr-20,67,91,79,1.56
10-Apr-20,62,74,68,0.01
11-Apr-20,59,77,68,-
12-Apr-20,66,92,79,0.01
13-Apr-20,51,70,60.5,-
14-Apr-20,48,71,59.5,-
15-Apr-20,47,72,59.5,-
16-Apr-20,48,75,61.5,-
17-Apr-20,60,83,71.5,-
18-Apr-20,61,76,68.5,1.14
19-Apr-20,66,83,74.5,0.84
20-Apr-20,63,84,73.5,-
21-Apr-20,67,86,76.5,-
22-Apr-20,71,84,77.5,-
23-Apr-20,62,88,75,-
24-Apr-20,59,92,75.5,0.11
25-Apr-20,64,81,72.5,-
26-Apr-20,55,86,70.5,-
27-Apr-20,58,84,71,-
28-Apr-20,74,84,79,-
29-Apr-20,62,83,72.5,0.92
30-Apr-20,56,84,70,-
1-May-20,58,86,72,-
2-May-20,63,88,75.5,-
3-May-20,73,89,81,-
4-May-20,72,91,81.5,-
5-May-20,74,93,83.5,-
6-May-20,64,86,75,0.25
7-May-20,60,85,72.5,-
8-May-20,67,92,79.5,-
9-May-20,61,73,67,-
10-May-20,56,82,69,-
11-May-20,58,84,71,-
12-May-20,66,85,75.5,-
13-May-20,72,86,79,0.02
14-May-20,71,89,80,0.02
15-May-20,70,90,80,0.07
16-May-20,68,82,75,0.38
17-May-20,67,88,77.5,0.01
18-May-20,65,94,79.5,-
19-May-20,71,94,82.5,-
20-May-20,72,95,83.5,-
21-May-20,75,91,83,-
22-May-20,74,93,83.5,-
23-May-20,79,92,85.5,-
24-May-20,67,89,78,1.5
25-May-20,66,84,75,0.13
26-May-20,68,89,78.5,0.44
27-May-20,65,90,77.5,0.63
28-May-20,64,89,76.5,-
29-May-20,69,89,79,-
30-May-20,70,89,79.5,-
31-May-20,73,88,80.5,0.11
1-Jun-20,73,85,79,-
2-Jun-20,72,92,82,-
3-Jun-20,72,91,81.5,1.02
4-Jun-20,72,94,83,0.1
5-Jun-20,73,93,83,-
6-Jun-20,74,96,85,0.02
7-Jun-20,75,95,85,-
8-Jun-20,79,95,87,-
9-Jun-20,80,97,88.5,-
10-Jun-20,70,94,82,0.09
11-Jun-20,66,92,79,-
12-Jun-20,66,91,78.5,-
13-Jun-20,69,92,80.5,-
14-Jun-20,68,94,81,-
15-Jun-20,73,94,83.5,-
16-Jun-20,71,94,82.5,-
17-Jun-20,68,94,81,-
