Daily Observed Min/Max Temperature & Precipitation,,,,
,Chicago OHare IL - KORD,,,
Date,Min,Max,Avg,Precip
1-Jan-09,17,31,24,-
2-Jan-09,18,30,24,-
3-Jan-09,17,36,26.5,0.01
4-Jan-09,17,37,27,0.1
5-Jan-09,11,29,20,-
6-Jan-09,16,30,23,0.05
7-Jan-09,13,29,21,0.02
8-Jan-09,12,21,16.5,-
9-Jan-09,12,29,20.5,0.25
10-Jan-09,20,29,24.5,0.35
11-Jan-09,13,20,16.5,-
12-Jan-09,3,29,16,0.1
13-Jan-09,-2,29,13.5,-
14-Jan-09,-1,14,6.5,0.16
15-Jan-09,-13,-1,-7,-
16-Jan-09,-18,2,-8,-
17-Jan-09,3,24,13.5,-
18-Jan-09,8,17,12.5,-
19-Jan-09,9,23,16,-
20-Jan-09,11,24,17.5,-
21-Jan-09,13,28,20.5,-
22-Jan-09,14,33,23.5,-
23-Jan-09,13,34,23.5,-
24-Jan-09,-1,13,6,-
25-Jan-09,-2,13,5.5,-
26-Jan-09,-1,17,8,-
27-Jan-09,7,20,13.5,0.04
28-Jan-09,8,18,13,0.07
29-Jan-09,14,30,22,-
30-Jan-09,4,14,9,-
31-Jan-09,7,38,22.5,-
1-Feb-09,24,36,30,-
2-Feb-09,9,26,17.5,-
3-Feb-09,1,20,10.5,-
4-Feb-09,0,17,8.5,-
5-Feb-09,-4,25,10.5,-
6-Feb-09,8,42,25,-
7-Feb-09,36,56,46,-
8-Feb-09,25,43,34,-
9-Feb-09,26,53,39.5,0.12
10-Feb-09,41,61,51,-
11-Feb-09,36,50,43,0.75
12-Feb-09,30,38,34,-
13-Feb-09,25,36,30.5,0.04
14-Feb-09,23,34,28.5,0.01
15-Feb-09,19,31,25,-
16-Feb-09,17,33,25,-
17-Feb-09,26,43,34.5,-
18-Feb-09,18,38,28,0.22
19-Feb-09,11,23,17,-
20-Feb-09,12,28,20,-
21-Feb-09,20,29,24.5,0.14
22-Feb-09,13,24,18.5,-
23-Feb-09,9,27,18,-
24-Feb-09,17,39,28,-
25-Feb-09,35,54,44.5,0.01
26-Feb-09,32,53,42.5,1.95
27-Feb-09,21,34,27.5,0.07
28-Feb-09,20,27,23.5,-
1-Mar-09,14,22,18,-
2-Mar-09,14,22,18,0.01
3-Mar-09,16,30,23,-
4-Mar-09,26,44,35,-
5-Mar-09,36,65,50.5,-
6-Mar-09,39,65,52,-
7-Mar-09,39,45,42,0.87
8-Mar-09,33,44,38.5,1.68
9-Mar-09,33,44,38.5,0.07
10-Mar-09,33,61,47,0.51
11-Mar-09,17,33,25,-
12-Mar-09,14,26,20,-
13-Mar-09,19,40,29.5,-
14-Mar-09,23,52,37.5,-
15-Mar-09,28,58,43,-
16-Mar-09,39,65,52,-
17-Mar-09,41,74,57.5,-
18-Mar-09,42,57,49.5,-
19-Mar-09,28,46,37,-
20-Mar-09,23,44,33.5,-
21-Mar-09,37,61,49,-
22-Mar-09,36,61,48.5,-
23-Mar-09,38,56,47,0.04
24-Mar-09,48,69,58.5,0.16
25-Mar-09,37,48,42.5,-
26-Mar-09,35,57,46,-
27-Mar-09,32,43,37.5,-
28-Mar-09,32,38,35,0.45
29-Mar-09,31,41,36,0.97
30-Mar-09,27,45,36,-
31-Mar-09,37,53,45,0.44
1-Apr-09,36,53,44.5,-
2-Apr-09,37,50,43.5,0.14
3-Apr-09,37,50,43.5,0.04
4-Apr-09,31,50,40.5,-
5-Apr-09,33,43,38,0.51
6-Apr-09,32,40,36,-
7-Apr-09,29,49,39,-
8-Apr-09,30,55,42.5,-
9-Apr-09,31,58,44.5,-
10-Apr-09,38,47,42.5,-
11-Apr-09,32,47,39.5,-
12-Apr-09,27,51,39,-
13-Apr-09,36,46,41,0.29
14-Apr-09,36,44,40,-
15-Apr-09,36,57,46.5,-
16-Apr-09,33,62,47.5,-
17-Apr-09,32,70,51,-
18-Apr-09,40,73,56.5,-
19-Apr-09,45,61,53,0.91
20-Apr-09,38,53,45.5,0.18
21-Apr-09,37,44,40.5,0.08
22-Apr-09,37,61,49,-
23-Apr-09,37,67,52,0.32
24-Apr-09,49,84,66.5,-
25-Apr-09,41,77,59,0.83
26-Apr-09,43,78,60.5,0.49
27-Apr-09,50,72,61,0.55
28-Apr-09,42,51,46.5,0.03
29-Apr-09,46,55,50.5,0.03
30-Apr-09,54,63,58.5,0.71
1-May-09,47,60,53.5,0.02
2-May-09,44,66,55,-
3-May-09,43,70,56.5,-
4-May-09,43,70,56.5,-
5-May-09,49,71,60,-
6-May-09,51,75,63,0.67
7-May-09,55,77,66,0.19
8-May-09,53,77,65,0.02
9-May-09,46,63,54.5,-
10-May-09,40,67,53.5,-
11-May-09,39,61,50,-
12-May-09,39,71,55,-
13-May-09,53,70,61.5,0.55
14-May-09,53,68,60.5,-
15-May-09,52,61,56.5,0.39
16-May-09,45,62,53.5,-
17-May-09,39,63,51,-
18-May-09,40,66,53,-
19-May-09,52,80,66,-
20-May-09,61,84,72.5,-
21-May-09,60,84,72,-
22-May-09,53,69,61,-
23-May-09,50,80,65,-
24-May-09,55,71,63,-
25-May-09,54,67,60.5,0.07
26-May-09,53,74,63.5,1.71
27-May-09,55,73,64,0.01
28-May-09,54,62,58,-
29-May-09,50,74,62,-
30-May-09,50,79,64.5,-
31-May-09,45,73,59,-
1-Jun-09,51,78,64.5,0.44
2-Jun-09,48,60,54,0.12
3-Jun-09,43,61,52,-
4-Jun-09,42,68,55,-
5-Jun-09,44,79,61.5,-
6-Jun-09,51,63,57,-
7-Jun-09,52,73,62.5,0.03
8-Jun-09,52,80,66,0.46
9-Jun-09,55,67,61,-
10-Jun-09,54,67,60.5,0.01
11-Jun-09,53,64,58.5,0.01
12-Jun-09,49,74,61.5,-
13-Jun-09,54,68,61,0.32
14-Jun-09,51,77,64,-
15-Jun-09,53,81,67,-
16-Jun-09,59,71,65,1.22
17-Jun-09,61,71,66,-
18-Jun-09,61,80,70.5,0.12
19-Jun-09,65,86,75.5,2.33
20-Jun-09,68,87,77.5,-
21-Jun-09,70,84,77,-
22-Jun-09,68,89,78.5,0.1
23-Jun-09,71,94,82.5,-
24-Jun-09,75,94,84.5,0.04
25-Jun-09,75,94,84.5,-
26-Jun-09,69,86,77.5,-
27-Jun-09,62,89,75.5,0.3
28-Jun-09,66,83,74.5,-
29-Jun-09,63,77,70,-
30-Jun-09,59,66,62.5,-
1-Jul-09,57,65,61,-
2-Jul-09,59,73,66,-
3-Jul-09,63,79,71,-
4-Jul-09,59,69,64,0.2
5-Jul-09,57,81,69,0.05
6-Jul-09,60,86,73,-
7-Jul-09,59,77,68,-
8-Jul-09,61,65,63,0.06
9-Jul-09,59,79,69,-
10-Jul-09,63,82,72.5,0.08
11-Jul-09,63,85,74,0.25
12-Jul-09,58,82,70,-
13-Jul-09,61,79,70,-
14-Jul-09,55,80,67.5,-
15-Jul-09,65,85,75,0.68
16-Jul-09,64,80,72,-
17-Jul-09,57,70,63.5,-
18-Jul-09,57,72,64.5,-
19-Jul-09,57,71,64,-
20-Jul-09,55,76,65.5,-
21-Jul-09,58,80,69,0.04
22-Jul-09,63,78,70.5,-
23-Jul-09,62,82,72,-
24-Jul-09,61,83,72,0.14
25-Jul-09,66,81,73.5,-
26-Jul-09,63,82,72.5,-
27-Jul-09,64,84,74,0.03
28-Jul-09,66,84,75,-
29-Jul-09,62,81,71.5,-
30-Jul-09,59,79,69,-
31-Jul-09,58,81,69.5,-
1-Aug-09,61,75,68,-
2-Aug-09,57,78,67.5,-
3-Aug-09,67,84,75.5,0.07
4-Aug-09,67,85,76,-
5-Aug-09,61,79,70,-
6-Aug-09,60,82,71,-
7-Aug-09,64,74,69,0.33
8-Aug-09,68,89,78.5,0.02
9-Aug-09,77,91,84,0.18
10-Aug-09,70,85,77.5,-
11-Aug-09,62,82,72,-
12-Aug-09,60,83,71.5,-
13-Aug-09,60,86,73,-
14-Aug-09,63,88,75.5,-
15-Aug-09,67,89,78,-
16-Aug-09,70,88,79,0.63
17-Aug-09,70,83,76.5,0.42
18-Aug-09,65,83,74,-
19-Aug-09,59,83,71,0.35
20-Aug-09,64,78,71,0.07
21-Aug-09,59,73,66,0.16
22-Aug-09,57,68,62.5,-
23-Aug-09,56,74,65,-
24-Aug-09,54,79,66.5,-
25-Aug-09,59,83,71,-
26-Aug-09,62,73,67.5,0.91
27-Aug-09,61,67,64,0.94
28-Aug-09,60,68,64,0.23
29-Aug-09,56,69,62.5,0.02
30-Aug-09,51,66,58.5,-
31-Aug-09,49,68,58.5,-
1-Sep-09,47,72,59.5,-
2-Sep-09,50,73,61.5,-
3-Sep-09,56,75,65.5,-
4-Sep-09,54,75,64.5,-
5-Sep-09,54,78,66,-
6-Sep-09,61,77,69,0.03
7-Sep-09,59,76,67.5,-
8-Sep-09,60,78,69,-
9-Sep-09,65,86,75.5,-
10-Sep-09,64,81,72.5,-
11-Sep-09,61,80,70.5,-
12-Sep-09,58,79,68.5,-
13-Sep-09,58,80,69,-
14-Sep-09,58,84,71,-
15-Sep-09,64,82,73,-
16-Sep-09,59,71,65,-
17-Sep-09,50,72,61,-
18-Sep-09,50,79,64.5,-
19-Sep-09,55,76,65.5,-
20-Sep-09,54,73,63.5,0.73
21-Sep-09,60,67,63.5,0.01
22-Sep-09,59,77,68,-
23-Sep-09,62,76,69,-
24-Sep-09,64,73,68.5,-
25-Sep-09,60,70,65,0.16
26-Sep-09,55,69,62,-
27-Sep-09,50,74,62,0.08
28-Sep-09,49,62,55.5,0.01
29-Sep-09,48,60,54,-
30-Sep-09,47,62,54.5,-
1-Oct-09,41,59,50,0.91
2-Oct-09,47,56,51.5,0.19
3-Oct-09,47,57,52,0.11
4-Oct-09,45,60,52.5,-
5-Oct-09,43,62,52.5,-
6-Oct-09,49,61,55,0.03
7-Oct-09,45,60,52.5,-
8-Oct-09,45,53,49,0.11
9-Oct-09,40,52,46,0.47
10-Oct-09,31,48,39.5,-
11-Oct-09,29,44,36.5,-
12-Oct-09,41,48,44.5,0.02
13-Oct-09,34,47,40.5,-
14-Oct-09,42,48,45,0.03
15-Oct-09,41,44,42.5,0.29
16-Oct-09,39,45,42,0.04
17-Oct-09,37,52,44.5,-
18-Oct-09,31,53,42,-
19-Oct-09,44,65,54.5,-
20-Oct-09,48,62,55,0.02
21-Oct-09,55,69,62,-
22-Oct-09,48,58,53,1.04
23-Oct-09,43,61,52,0.88
24-Oct-09,37,50,43.5,0.04
25-Oct-09,44,62,53,0.24
26-Oct-09,49,55,52,0.14
27-Oct-09,45,51,48,0.06
28-Oct-09,50,57,53.5,-
29-Oct-09,47,60,53.5,0.59
30-Oct-09,46,67,56.5,0.82
31-Oct-09,36,46,41,-
1-Nov-09,30,52,41,-
2-Nov-09,42,59,50.5,0.01
3-Nov-09,34,47,40.5,-
4-Nov-09,40,52,46,-
5-Nov-09,35,55,45,-
6-Nov-09,34,62,48,-
7-Nov-09,48,71,59.5,-
8-Nov-09,45,70,57.5,-
9-Nov-09,50,63,56.5,-
10-Nov-09,39,55,47,-
11-Nov-09,35,54,44.5,-
12-Nov-09,28,56,42,-
13-Nov-09,33,55,44,-
14-Nov-09,43,63,53,-
15-Nov-09,41,55,48,-
16-Nov-09,44,48,46,-
17-Nov-09,44,47,45.5,0.04
18-Nov-09,43,47,45,0.17
19-Nov-09,41,47,44,0.08
20-Nov-09,42,54,48,-
21-Nov-09,33,54,43.5,-
22-Nov-09,34,57,45.5,-
23-Nov-09,41,49,45,-
24-Nov-09,40,50,45,0.63
25-Nov-09,37,49,43,0.18
26-Nov-09,33,42,37.5,0.13
27-Nov-09,29,40,34.5,-
28-Nov-09,29,54,41.5,-
29-Nov-09,33,44,38.5,0.02
30-Nov-09,30,41,35.5,-
1-Dec-09,32,55,43.5,-
2-Dec-09,33,45,39,-
3-Dec-09,26,38,32,-
4-Dec-09,23,28,25.5,-
5-Dec-09,23,32,27.5,-
6-Dec-09,24,36,30,-
7-Dec-09,26,31,28.5,0.06
8-Dec-09,25,35,30,0.5
9-Dec-09,12,35,23.5,0.16
10-Dec-09,0,13,6.5,-
11-Dec-09,7,23,15,-
12-Dec-09,16,36,26,-
13-Dec-09,32,37,34.5,0.01
14-Dec-09,27,38,32.5,0.02
15-Dec-09,8,27,17.5,-
16-Dec-09,5,23,14,-
17-Dec-09,17,35,26,-
18-Dec-09,31,36,33.5,0.27
19-Dec-09,29,33,31,0.22
20-Dec-09,26,30,28,-
21-Dec-09,25,29,27,0.01
22-Dec-09,27,32,29.5,0.2
23-Dec-09,31,32,31.5,0.32
24-Dec-09,32,36,34,0.35
25-Dec-09,21,43,32,0.48
26-Dec-09,20,26,23,0.06
27-Dec-09,14,21,17.5,0.01
28-Dec-09,14,30,22,-
29-Dec-09,8,24,16,-
30-Dec-09,15,31,23,0.02
31-Dec-09,9,32,20.5,0.01
1-Jan-10,5,16,10.5,-
2-Jan-10,2,11,6.5,-
3-Jan-10,-1,18,8.5,-
4-Jan-10,7,18,12.5,-
5-Jan-10,13,23,18,-
6-Jan-10,10,20,15,0.01
7-Jan-10,16,22,19,0.27
8-Jan-10,11,27,19,0.27
9-Jan-10,6,22,14,-
10-Jan-10,0,18,9,-
11-Jan-10,15,26,20.5,-
12-Jan-10,20,31,25.5,-
13-Jan-10,19,35,27,-
14-Jan-10,31,40,35.5,-
15-Jan-10,25,34,29.5,-
16-Jan-10,23,27,25,-
17-Jan-10,19,29,24,-
18-Jan-10,27,31,29,-
19-Jan-10,27,38,32.5,-
20-Jan-10,24,33,28.5,0.01
21-Jan-10,30,35,32.5,0.08
22-Jan-10,33,35,34,-
23-Jan-10,34,44,39,-
24-Jan-10,30,46,38,0.49
25-Jan-10,19,32,25.5,-
26-Jan-10,12,24,18,-
27-Jan-10,9,23,16,-
28-Jan-10,7,17,12,-
29-Jan-10,5,21,13,-
30-Jan-10,18,25,21.5,-
31-Jan-10,15,29,22,-
1-Feb-10,14,30,22,-
2-Feb-10,25,32,28.5,0.1
3-Feb-10,23,32,27.5,-
4-Feb-10,21,33,27,-
5-Feb-10,30,35,32.5,0.02
6-Feb-10,25,31,28,-
7-Feb-10,23,31,27,-
8-Feb-10,20,30,25,-
9-Feb-10,23,28,25.5,0.64
10-Feb-10,17,26,21.5,0.03
11-Feb-10,10,30,20,-
12-Feb-10,10,32,21,-
13-Feb-10,11,30,20.5,-
14-Feb-10,9,29,19,-
15-Feb-10,6,28,17,-
16-Feb-10,25,32,28.5,-
17-Feb-10,26,32,29,-
18-Feb-10,25,39,32,-
19-Feb-10,19,42,30.5,-
20-Feb-10,30,39,34.5,0.01
21-Feb-10,33,36,34.5,0.36
22-Feb-10,29,33,31,0.14
23-Feb-10,23,33,28,-
24-Feb-10,21,29,25,0.34
25-Feb-10,18,28,23,-
26-Feb-10,17,31,24,-
27-Feb-10,28,34,31,-
28-Feb-10,32,38,35,-
1-Mar-10,27,36,31.5,-
2-Mar-10,23,33,28,-
3-Mar-10,24,39,31.5,-
4-Mar-10,22,42,32,-
5-Mar-10,23,38,30.5,-
6-Mar-10,20,45,32.5,-
7-Mar-10,26,46,36,0.03
8-Mar-10,33,44,38.5,-
9-Mar-10,32,51,41.5,0.01
10-Mar-10,46,62,54,0.07
11-Mar-10,44,60,52,0.34
12-Mar-10,40,55,47.5,0.01
13-Mar-10,41,45,43,0.61
14-Mar-10,40,50,45,-
15-Mar-10,39,48,43.5,-
16-Mar-10,35,61,48,-
17-Mar-10,32,63,47.5,-
18-Mar-10,41,61,51,-
19-Mar-10,39,65,52,-
20-Mar-10,31,39,35,0.38
21-Mar-10,33,42,37.5,0.02
22-Mar-10,34,49,41.5,-
23-Mar-10,28,59,43.5,-
24-Mar-10,35,53,44,-
25-Mar-10,29,47,38,0.03
26-Mar-10,27,41,34,-
27-Mar-10,31,50,40.5,0.01
28-Mar-10,37,52,44.5,-
29-Mar-10,30,46,38,-
30-Mar-10,29,64,46.5,-
31-Mar-10,51,77,64,-
1-Apr-10,54,83,68.5,-
2-Apr-10,59,81,70,-
3-Apr-10,49,59,54,0.18
4-Apr-10,39,76,57.5,0.8
5-Apr-10,50,72,61,0.82
6-Apr-10,47,76,61.5,0.37
7-Apr-10,38,49,43.5,0.11
8-Apr-10,34,40,37,0.02
9-Apr-10,30,56,43,-
10-Apr-10,38,74,56,-
11-Apr-10,44,63,53.5,-
12-Apr-10,44,70,57,0.01
13-Apr-10,48,63,55.5,-
14-Apr-10,46,80,63,-
15-Apr-10,61,82,71.5,-
16-Apr-10,39,68,53.5,-
17-Apr-10,37,59,48,-
18-Apr-10,36,52,44,-
19-Apr-10,35,56,45.5,-
20-Apr-10,38,64,51,-
21-Apr-10,41,62,51.5,-
22-Apr-10,38,60,49,-
23-Apr-10,41,63,52,0.06
24-Apr-10,51,60,55.5,0.22
25-Apr-10,47,60,53.5,0.32
26-Apr-10,47,63,55,-
27-Apr-10,37,51,44,-
28-Apr-10,33,64,48.5,-
29-Apr-10,48,79,63.5,-
30-Apr-10,62,81,71.5,0.06
1-May-10,58,70,64,0.08
2-May-10,53,69,61,1.04
3-May-10,50,72,61,-
4-May-10,50,79,64.5,-
5-May-10,56,72,64,-
6-May-10,46,63,54.5,0.01
7-May-10,45,59,52,0.73
8-May-10,42,50,46,0.02
9-May-10,38,58,48,-
10-May-10,41,58,49.5,-
11-May-10,44,52,48,0.97
12-May-10,44,51,47.5,0.13
13-May-10,48,73,60.5,1.48
14-May-10,47,66,56.5,-
15-May-10,43,61,52,-
16-May-10,41,66,53.5,-
17-May-10,50,58,54,0.01
18-May-10,47,65,56,-
19-May-10,44,74,59,-
20-May-10,47,74,60.5,0.03
21-May-10,56,73,64.5,0.22
22-May-10,58,74,66,-
23-May-10,62,89,75.5,-
24-May-10,70,91,80.5,-
25-May-10,69,88,78.5,-
26-May-10,66,87,76.5,-
27-May-10,61,77,69,-
28-May-10,57,79,68,-
29-May-10,59,86,72.5,-
30-May-10,61,91,76,-
31-May-10,66,81,73.5,0.26
1-Jun-10,63,85,74,-
2-Jun-10,57,77,67,1.02
3-Jun-10,56,71,63.5,-
4-Jun-10,57,83,70,-
5-Jun-10,60,79,69.5,0.15
6-Jun-10,55,76,65.5,-
7-Jun-10,54,70,62,-
8-Jun-10,58,66,62,0.44
9-Jun-10,66,83,74.5,-
10-Jun-10,58,77,67.5,-
11-Jun-10,64,89,76.5,0.02
12-Jun-10,62,77,69.5,0.34
13-Jun-10,62,71,66.5,0.25
14-Jun-10,60,70,65,-
15-Jun-10,60,79,69.5,0.59
16-Jun-10,63,82,72.5,-
17-Jun-10,64,84,74,-
18-Jun-10,66,90,78,0.88
19-Jun-10,66,85,75.5,-
20-Jun-10,64,81,72.5,-
21-Jun-10,67,85,76,0.22
22-Jun-10,69,85,77,-
23-Jun-10,69,87,78,0.87
24-Jun-10,65,84,74.5,-
25-Jun-10,62,84,73,-
26-Jun-10,69,87,78,0.85
27-Jun-10,72,85,78.5,0.53
28-Jun-10,64,82,73,-
29-Jun-10,59,75,67,-
30-Jun-10,56,75,65.5,-
1-Jul-10,55,77,66,-
2-Jul-10,59,83,71,-
3-Jul-10,60,87,73.5,-
4-Jul-10,68,91,79.5,-
5-Jul-10,79,91,85,-
6-Jul-10,73,90,81.5,0.37
7-Jul-10,71,93,82,0.2
8-Jul-10,73,88,80.5,0.16
9-Jul-10,70,88,79,-
10-Jul-10,69,89,79,-
11-Jul-10,66,85,75.5,0.79
12-Jul-10,65,84,74.5,-
13-Jul-10,70,84,77,-
14-Jul-10,70,90,80,-
15-Jul-10,71,90,80.5,0.01
16-Jul-10,67,90,78.5,-
17-Jul-10,71,93,82,-
18-Jul-10,72,92,82,0.01
19-Jul-10,69,84,76.5,0.01
20-Jul-10,68,86,77,-
21-Jul-10,72,91,81.5,-
22-Jul-10,69,90,79.5,0.01
23-Jul-10,70,94,82,0.24
24-Jul-10,69,87,78,2.01
25-Jul-10,68,81,74.5,-
26-Jul-10,61,84,72.5,-
27-Jul-10,68,88,78,-
28-Jul-10,73,88,80.5,-
29-Jul-10,67,82,74.5,-
30-Jul-10,69,80,74.5,-
31-Jul-10,65,80,72.5,0.68
1-Aug-10,65,86,75.5,-
2-Aug-10,67,84,75.5,0.02
3-Aug-10,66,86,76,0.28
4-Aug-10,71,83,77,0.53
5-Aug-10,68,83,75.5,-
6-Aug-10,64,82,73,-
7-Aug-10,62,83,72.5,-
8-Aug-10,69,87,78,0.08
9-Aug-10,72,88,80,0.15
10-Aug-10,75,89,82,-
11-Aug-10,75,90,82.5,-
12-Aug-10,74,92,83,-
13-Aug-10,73,92,82.5,0.25
14-Aug-10,72,88,80,-
15-Aug-10,66,83,74.5,-
16-Aug-10,63,80,71.5,-
17-Aug-10,64,79,71.5,0.03
18-Aug-10,63,84,73.5,0.05
19-Aug-10,66,88,77,-
20-Aug-10,71,92,81.5,0.03
21-Aug-10,71,86,78.5,0.45
22-Aug-10,68,81,74.5,-
23-Aug-10,65,80,72.5,-
24-Aug-10,64,84,74,-
25-Aug-10,61,79,70,-
26-Aug-10,59,79,69,-
27-Aug-10,59,86,72.5,-
28-Aug-10,65,88,76.5,-
29-Aug-10,71,94,82.5,-
30-Aug-10,74,88,81,-
31-Aug-10,75,93,84,-
1-Sep-10,71,81,76,0.17
2-Sep-10,65,83,74,1.55
3-Sep-10,56,70,63,-
4-Sep-10,51,68,59.5,-
5-Sep-10,49,76,62.5,-
6-Sep-10,66,82,74,-
7-Sep-10,59,77,68,-
8-Sep-10,51,71,61,-
9-Sep-10,50,67,58.5,-
10-Sep-10,55,72,63.5,-
11-Sep-10,58,75,66.5,0.24
12-Sep-10,54,83,68.5,-
13-Sep-10,57,82,69.5,-
14-Sep-10,54,77,65.5,-
15-Sep-10,59,75,67,-
16-Sep-10,53,69,61,0.16
17-Sep-10,49,74,61.5,-
18-Sep-10,58,65,61.5,0.35
19-Sep-10,55,67,61,-
20-Sep-10,62,75,68.5,-
21-Sep-10,68,88,78,0.05
22-Sep-10,63,74,68.5,-
23-Sep-10,65,89,77,-
24-Sep-10,56,80,68,0.26
25-Sep-10,52,60,56,-
26-Sep-10,50,60,55,-
27-Sep-10,48,65,56.5,-
28-Sep-10,46,71,58.5,-
29-Sep-10,52,75,63.5,-
30-Sep-10,52,74,63,-
1-Oct-10,48,73,60.5,0.08
2-Oct-10,45,57,51,0.23
3-Oct-10,42,56,49,0.11
4-Oct-10,38,60,49,-
5-Oct-10,39,68,53.5,-
6-Oct-10,46,78,62,-
7-Oct-10,49,76,62.5,-
8-Oct-10,48,79,63.5,-
9-Oct-10,55,86,70.5,-
10-Oct-10,57,84,70.5,-
11-Oct-10,54,82,68,-
12-Oct-10,52,76,64,-
13-Oct-10,47,66,56.5,0.1
14-Oct-10,43,66,54.5,-
15-Oct-10,45,63,54,-
16-Oct-10,40,71,55.5,-
17-Oct-10,47,65,56,-
18-Oct-10,43,61,52,-
19-Oct-10,39,60,49.5,-
20-Oct-10,44,70,57,-
21-Oct-10,38,56,47,-
22-Oct-10,33,64,48.5,-
23-Oct-10,54,65,59.5,0.12
24-Oct-10,54,72,63,0.04
25-Oct-10,56,72,64,-
26-Oct-10,54,70,62,0.24
27-Oct-10,43,65,54,-
28-Oct-10,39,46,42.5,-
29-Oct-10,31,50,40.5,-
30-Oct-10,42,63,52.5,-
31-Oct-10,36,52,44,-
1-Nov-10,32,54,43,-
2-Nov-10,32,52,42,-
3-Nov-10,31,54,42.5,0.01
4-Nov-10,38,51,44.5,0.01
5-Nov-10,28,40,34,-
6-Nov-10,25,46,35.5,-
7-Nov-10,35,59,47,-
8-Nov-10,38,67,52.5,-
9-Nov-10,40,69,54.5,-
10-Nov-10,43,68,55.5,-
11-Nov-10,46,67,56.5,0.34
12-Nov-10,48,56,52,-
13-Nov-10,39,57,48,0.03
14-Nov-10,37,48,42.5,0.08
15-Nov-10,32,51,41.5,-
16-Nov-10,32,50,41,-
17-Nov-10,37,47,42,-
18-Nov-10,26,39,32.5,-
19-Nov-10,25,51,38,-
20-Nov-10,30,43,36.5,-
21-Nov-10,41,60,50.5,-
22-Nov-10,39,67,53,1.37
23-Nov-10,26,39,32.5,-
24-Nov-10,25,40,32.5,0.13
25-Nov-10,21,39,30,-
26-Nov-10,18,32,25,-
27-Nov-10,21,34,27.5,-
28-Nov-10,22,46,34,-
29-Nov-10,33,49,41,0.51
30-Nov-10,25,49,37,0.02
1-Dec-10,22,26,24,-
2-Dec-10,22,33,27.5,-
3-Dec-10,18,31,24.5,-
4-Dec-10,23,32,27.5,0.49
5-Dec-10,12,26,19,-
6-Dec-10,8,20,14,-
7-Dec-10,11,20,15.5,-
8-Dec-10,7,25,16,-
9-Dec-10,5,29,17,0.03
10-Dec-10,23,37,30,-
11-Dec-10,24,36,30,0.45
12-Dec-10,16,31,23.5,0.13
13-Dec-10,7,16,11.5,-
14-Dec-10,6,21,13.5,-
15-Dec-10,2,25,13.5,-
16-Dec-10,20,27,23.5,0.01
17-Dec-10,13,22,17.5,-
18-Dec-10,10,19,14.5,-
19-Dec-10,8,21,14.5,-
20-Dec-10,6,27,16.5,0.2
21-Dec-10,26,31,28.5,0.02
22-Dec-10,18,35,26.5,-
23-Dec-10,19,29,24,-
24-Dec-10,27,32,29.5,0.2
25-Dec-10,20,31,25.5,0.12
26-Dec-10,19,33,26,0.2
27-Dec-10,11,22,16.5,-
28-Dec-10,12,27,19.5,-
29-Dec-10,9,36,22.5,0.01
30-Dec-10,34,46,40,0.01
31-Dec-10,42,53,47.5,0.68
1-Jan-11,14,41,27.5,-
2-Jan-11,12,24,18,-
3-Jan-11,22,36,29,-
4-Jan-11,13,30,21.5,-
5-Jan-11,8,31,19.5,-
6-Jan-11,18,28,23,-
7-Jan-11,12,22,17,0.02
8-Jan-11,9,24,16.5,-
9-Jan-11,9,31,20,-
10-Jan-11,18,33,25.5,-
11-Jan-11,22,27,24.5,0.27
12-Jan-11,20,26,23,-
13-Jan-11,15,24,19.5,-
14-Jan-11,16,24,20,0.01
15-Jan-11,14,24,19,-
16-Jan-11,6,22,14,-
17-Jan-11,18,32,25,0.3
18-Jan-11,19,32,25.5,0.11
19-Jan-11,15,23,19,-
20-Jan-11,5,19,12,-
21-Jan-11,-4,8,2,-
22-Jan-11,5,17,11,0.01
23-Jan-11,4,20,12,0.01
24-Jan-11,15,27,21,0.03
25-Jan-11,21,29,25,-
26-Jan-11,18,28,23,-
27-Jan-11,17,25,21,0.03
28-Jan-11,19,31,25,-
29-Jan-11,26,33,29.5,-
30-Jan-11,26,30,28,-
31-Jan-11,20,26,23,0.09
1-Feb-11,20,23,21.5,0.3
2-Feb-11,5,23,14,-
3-Feb-11,-6,16,5,-
4-Feb-11,5,25,15,-
5-Feb-11,4,28,16,-
6-Feb-11,24,32,28,0.2
7-Feb-11,19,32,25.5,0.13
8-Feb-11,2,20,11,-
9-Feb-11,-2,12,5,-
10-Feb-11,-9,16,3.5,-
11-Feb-11,5,30,17.5,-
12-Feb-11,24,37,30.5,-
13-Feb-11,32,45,38.5,-
14-Feb-11,26,42,34,-
15-Feb-11,23,38,30.5,-
16-Feb-11,37,49,43,-
17-Feb-11,47,56,51.5,-
18-Feb-11,33,50,41.5,-
19-Feb-11,25,35,30,-
20-Feb-11,28,36,32,0.94
21-Feb-11,25,33,29,0.01
22-Feb-11,23,27,25,0.03
23-Feb-11,24,33,28.5,0.11
24-Feb-11,32,36,34,-
25-Feb-11,28,36,32,0.1
26-Feb-11,24,33,28.5,0.14
27-Feb-11,25,36,30.5,0.24
28-Feb-11,25,37,31,0.15
1-Mar-11,22,43,32.5,-
2-Mar-11,24,37,30.5,-
3-Mar-11,25,45,35,-
4-Mar-11,35,54,44.5,1.11
5-Mar-11,27,36,31.5,0.16
6-Mar-11,26,34,30,-
7-Mar-11,24,34,29,-
8-Mar-11,32,45,38.5,0.01
9-Mar-11,34,45,39.5,0.39
10-Mar-11,32,37,34.5,-
11-Mar-11,27,47,37,-
12-Mar-11,28,44,36,-
13-Mar-11,24,41,32.5,-
14-Mar-11,26,42,34,-
15-Mar-11,31,39,35,-
16-Mar-11,32,60,46,-
17-Mar-11,48,67,57.5,-
18-Mar-11,34,53,43.5,-
19-Mar-11,28,50,39,-
20-Mar-11,40,57,48.5,0.3
21-Mar-11,41,60,50.5,0.02
22-Mar-11,37,42,39.5,0.31
23-Mar-11,28,41,34.5,0.25
24-Mar-11,24,34,29,0.01
25-Mar-11,24,34,29,-
26-Mar-11,25,32,28.5,-
27-Mar-11,23,35,29,-
28-Mar-11,21,36,28.5,-
29-Mar-11,24,42,33,-
30-Mar-11,26,45,35.5,-
31-Mar-11,23,48,35.5,-
1-Apr-11,28,45,36.5,0.18
2-Apr-11,36,54,45,-
3-Apr-11,35,72,53.5,0.2
4-Apr-11,40,68,54,0.08
5-Apr-11,33,54,43.5,-
6-Apr-11,42,59,50.5,-
7-Apr-11,39,46,42.5,0.25
8-Apr-11,40,45,42.5,0.51
9-Apr-11,44,66,55,-
10-Apr-11,56,83,69.5,-
11-Apr-11,44,67,55.5,-
12-Apr-11,40,58,49,-
13-Apr-11,36,68,52,-
14-Apr-11,40,53,46.5,-
15-Apr-11,37,51,44,0.33
16-Apr-11,35,49,42,0.2
17-Apr-11,35,53,44,0.07
18-Apr-11,32,41,36.5,0.55
19-Apr-11,34,38,36,0.97
20-Apr-11,32,43,37.5,0.01
21-Apr-11,32,50,41,0.03
22-Apr-11,39,46,42.5,0.48
23-Apr-11,45,64,54.5,-
24-Apr-11,45,56,50.5,-
25-Apr-11,45,54,49.5,0.32
26-Apr-11,47,68,57.5,0.4
27-Apr-11,43,55,49,0.29
28-Apr-11,40,45,42.5,0.03
29-Apr-11,36,62,49,-
30-Apr-11,48,71,59.5,-
1-May-11,47,63,55,-
2-May-11,42,59,50.5,-
3-May-11,37,50,43.5,-
4-May-11,37,59,48,-
5-May-11,35,63,49,0.06
6-May-11,44,68,56,-
7-May-11,43,60,51.5,-
8-May-11,39,68,53.5,-
9-May-11,47,73,60,-
10-May-11,62,90,76,-
11-May-11,63,87,75,0.13
12-May-11,58,86,72,0.23
13-May-11,47,77,62,0.02
14-May-11,45,53,49,0.3
15-May-11,41,46,43.5,0.32
16-May-11,37,52,44.5,-
17-May-11,40,60,50,-
18-May-11,49,57,53,0.07
19-May-11,49,72,60.5,-
20-May-11,50,73,61.5,-
21-May-11,50,75,62.5,0.01
22-May-11,61,87,74,0.58
23-May-11,60,79,69.5,-
24-May-11,47,66,56.5,0.11
25-May-11,47,67,57,0.56
26-May-11,43,49,46,1.69
27-May-11,40,58,49,0.01
28-May-11,51,62,56.5,0.13
29-May-11,52,70,61,1.88
30-May-11,56,88,72,-
31-May-11,69,85,77,0.08
1-Jun-11,59,81,70,-
2-Jun-11,56,69,62.5,0.03
3-Jun-11,55,87,71,-
4-Jun-11,64,92,78,0.18
5-Jun-11,60,85,72.5,-
6-Jun-11,60,93,76.5,-
7-Jun-11,75,96,85.5,-
8-Jun-11,66,95,80.5,0.16
9-Jun-11,50,69,59.5,1.07
10-Jun-11,51,69,60,0.52
11-Jun-11,52,62,57,0.03
12-Jun-11,50,64,57,-
13-Jun-11,54,72,63,-
14-Jun-11,53,77,65,-
15-Jun-11,57,71,64,0.71
16-Jun-11,61,81,71,0.04
17-Jun-11,60,82,71,-
18-Jun-11,61,84,72.5,-
19-Jun-11,63,81,72,-
20-Jun-11,65,79,72,0.18
21-Jun-11,66,89,77.5,0.85
22-Jun-11,64,73,68.5,0.01
23-Jun-11,62,71,66.5,0.02
24-Jun-11,60,68,64,-
25-Jun-11,58,79,68.5,-
26-Jun-11,57,81,69,-
27-Jun-11,65,81,73,0.03
28-Jun-11,63,81,72,-
29-Jun-11,59,81,70,-
30-Jun-11,60,88,74,-
1-Jul-11,72,89,80.5,-
2-Jul-11,71,94,82.5,-
3-Jul-11,69,84,76.5,-
4-Jul-11,65,89,77,-
5-Jul-11,68,91,79.5,-
6-Jul-11,70,86,78,-
7-Jul-11,65,82,73.5,-
8-Jul-11,61,86,73.5,-
9-Jul-11,61,91,76,-
10-Jul-11,74,91,82.5,-
11-Jul-11,71,88,79.5,0.39
12-Jul-11,70,87,78.5,0.01
13-Jul-11,63,74,68.5,-
14-Jul-11,59,82,70.5,-
15-Jul-11,70,87,78.5,-
16-Jul-11,71,89,80,-
17-Jul-11,69,95,82,-
18-Jul-11,80,92,86,0.01
19-Jul-11,78,93,85.5,-
20-Jul-11,73,99,86,0.02
21-Jul-11,75,99,87,0.02
22-Jul-11,70,88,79,0.31
23-Jul-11,70,87,78.5,0.01
24-Jul-11,72,87,79.5,0.18
25-Jul-11,73,88,80.5,-
26-Jul-11,71,83,77,-
27-Jul-11,68,90,79,0.71
28-Jul-11,73,87,80,0.77
29-Jul-11,72,86,79,0.73
30-Jul-11,67,91,79,-
31-Jul-11,68,90,79,-
1-Aug-11,74,91,82.5,-
2-Aug-11,74,93,83.5,0.43
3-Aug-11,72,86,79,-
4-Aug-11,69,84,76.5,-
5-Aug-11,69,83,76,0.01
6-Aug-11,72,85,78.5,0.18
7-Aug-11,68,86,77,0.75
8-Aug-11,68,80,74,0.55
9-Aug-11,64,80,72,-
10-Aug-11,61,77,69,-
11-Aug-11,57,81,69,-
12-Aug-11,60,81,70.5,-
13-Aug-11,62,83,72.5,0.71
14-Aug-11,62,75,68.5,-
15-Aug-11,57,82,69.5,-
16-Aug-11,61,85,73,-
17-Aug-11,62,83,72.5,-
18-Aug-11,67,84,75.5,-
19-Aug-11,64,87,75.5,-
20-Aug-11,66,80,73,1.11
21-Aug-11,64,80,72,-
22-Aug-11,59,82,70.5,-
23-Aug-11,62,73,67.5,0.65
24-Aug-11,69,92,80.5,-
25-Aug-11,64,83,73.5,-
26-Aug-11,59,83,71,-
27-Aug-11,65,81,73,-
28-Aug-11,61,77,69,-
29-Aug-11,59,79,69,-
30-Aug-11,61,76,68.5,0.04
31-Aug-11,65,87,76,-
1-Sep-11,71,93,82,-
2-Sep-11,76,92,84,-
3-Sep-11,69,89,79,0.02
4-Sep-11,58,73,65.5,-
5-Sep-11,52,65,58.5,-
6-Sep-11,51,66,58.5,-
7-Sep-11,52,70,61,-
8-Sep-11,57,75,66,-
9-Sep-11,60,72,66,0.02
10-Sep-11,56,78,67,-
11-Sep-11,57,83,70,-
12-Sep-11,64,86,75,-
13-Sep-11,56,73,64.5,-
14-Sep-11,47,58,52.5,0.08
15-Sep-11,42,59,50.5,-
16-Sep-11,46,58,52,-
17-Sep-11,50,68,59,-
18-Sep-11,55,65,60,0.42
19-Sep-11,54,69,61.5,0.24
20-Sep-11,49,74,61.5,-
21-Sep-11,57,71,64,-
22-Sep-11,51,64,57.5,-
23-Sep-11,48,62,55,-
24-Sep-11,51,62,56.5,0.14
25-Sep-11,51,64,57.5,0.08
26-Sep-11,53,60,56.5,1.21
27-Sep-11,54,63,58.5,0.31
28-Sep-11,53,63,58,0.82
29-Sep-11,49,66,57.5,0.06
30-Sep-11,45,57,51,0.09
1-Oct-11,42,56,49,-
2-Oct-11,41,66,53.5,-
3-Oct-11,44,69,56.5,-
4-Oct-11,43,76,59.5,-
5-Oct-11,49,80,64.5,-
6-Oct-11,50,81,65.5,-
7-Oct-11,54,84,69,-
8-Oct-11,54,82,68,-
9-Oct-11,52,80,66,-
10-Oct-11,54,76,65,-
11-Oct-11,57,79,68,-
12-Oct-11,55,78,66.5,-
13-Oct-11,52,66,59,0.28
14-Oct-11,48,62,55,-
15-Oct-11,47,62,54.5,-
16-Oct-11,48,62,55,0.17
17-Oct-11,41,59,50,-
18-Oct-11,41,54,47.5,0.06
19-Oct-11,44,49,46.5,0.76
20-Oct-11,43,47,45,0.08
21-Oct-11,38,55,46.5,-
22-Oct-11,34,66,50,-
23-Oct-11,38,68,53,0.2
24-Oct-11,45,63,54,-
25-Oct-11,45,74,59.5,0.02
26-Oct-11,47,53,50,-
27-Oct-11,39,53,46,0.12
28-Oct-11,35,55,45,-
29-Oct-11,34,55,44.5,-
30-Oct-11,33,57,45,0.17
31-Oct-11,36,53,44.5,-
1-Nov-11,35,65,50,-
2-Nov-11,48,65,56.5,-
3-Nov-11,46,48,47,0.09
4-Nov-11,36,53,44.5,-
5-Nov-11,34,58,46,-
6-Nov-11,41,59,50,-
7-Nov-11,51,58,54.5,0.03
8-Nov-11,47,51,49,1.53
9-Nov-11,37,62,49.5,0.4
10-Nov-11,32,41,36.5,0.01
11-Nov-11,30,45,37.5,-
12-Nov-11,36,60,48,-
13-Nov-11,47,70,58.5,-
14-Nov-11,36,53,44.5,0.02
15-Nov-11,34,64,49,-
16-Nov-11,31,46,38.5,-
17-Nov-11,24,36,30,-
18-Nov-11,25,51,38,-
19-Nov-11,44,58,51,-
20-Nov-11,39,55,47,-
21-Nov-11,41,47,44,-
22-Nov-11,40,43,41.5,0.24
23-Nov-11,34,50,42,-
24-Nov-11,40,47,43.5,-
25-Nov-11,42,57,49.5,-
26-Nov-11,46,56,51,1
27-Nov-11,36,46,41,0.13
28-Nov-11,34,41,37.5,-
29-Nov-11,31,44,37.5,-
30-Nov-11,25,44,34.5,-
1-Dec-11,25,48,36.5,-
2-Dec-11,31,43,37,0.02
3-Dec-11,37,50,43.5,0.33
4-Dec-11,36,52,44,0.02
5-Dec-11,35,40,37.5,0.08
6-Dec-11,27,37,32,-
7-Dec-11,25,34,29.5,-
8-Dec-11,24,36,30,-
9-Dec-11,18,32,25,0.03
10-Dec-11,12,27,19.5,-
11-Dec-11,27,45,36,-
12-Dec-11,23,47,35,-
13-Dec-11,38,45,41.5,0.08
14-Dec-11,41,55,48,1.43
15-Dec-11,33,57,45,0.03
16-Dec-11,26,34,30,-
17-Dec-11,28,32,30,0.06
18-Dec-11,25,44,34.5,-
19-Dec-11,38,50,44,-
20-Dec-11,36,39,37.5,-
21-Dec-11,37,43,40,0.01
22-Dec-11,32,40,36,0.02
23-Dec-11,23,34,28.5,-
24-Dec-11,21,39,30,-
25-Dec-11,29,45,37,-
26-Dec-11,23,45,34,0.06
27-Dec-11,26,41,33.5,0.06
28-Dec-11,20,31,25.5,-
29-Dec-11,31,48,39.5,0.01
30-Dec-11,32,44,38,0.41
31-Dec-11,29,40,34.5,-
1-Jan-12,29,44,36.5,0.04
2-Jan-12,18,29,23.5,0.01
3-Jan-12,13,27,20,-
4-Jan-12,25,41,33,-
5-Jan-12,23,49,36,-
6-Jan-12,38,55,46.5,-
7-Jan-12,28,44,36,-
8-Jan-12,25,42,33.5,-
9-Jan-12,25,46,35.5,-
10-Jan-12,25,52,38.5,-
11-Jan-12,27,54,40.5,-
12-Jan-12,19,37,28,0.35
13-Jan-12,17,22,19.5,0.01
14-Jan-12,8,19,13.5,-
15-Jan-12,5,31,18,-
16-Jan-12,30,45,37.5,0.04
17-Jan-12,17,39,28,0.16
18-Jan-12,10,26,18,-
19-Jan-12,5,28,16.5,0.01
20-Jan-12,5,24,14.5,0.54
21-Jan-12,16,25,20.5,-
22-Jan-12,16,40,28,0.3
23-Jan-12,30,46,38,0.29
24-Jan-12,25,37,31,-
25-Jan-12,22,36,29,-
26-Jan-12,32,38,35,-
27-Jan-12,34,43,38.5,0.04
28-Jan-12,26,34,30,0.05
29-Jan-12,21,31,26,-
30-Jan-12,22,53,37.5,-
31-Jan-12,44,57,50.5,-
1-Feb-12,32,48,40,-
2-Feb-12,31,43,37,-
3-Feb-12,33,39,36,-
4-Feb-12,29,42,35.5,-
5-Feb-12,29,45,37,-
6-Feb-12,30,33,31.5,-
7-Feb-12,29,36,32.5,0.01
8-Feb-12,25,37,31,-
9-Feb-12,21,36,28.5,-
10-Feb-12,14,36,25,0.19
11-Feb-12,10,20,15,-
12-Feb-12,16,35,25.5,-
13-Feb-12,15,36,25.5,0.03
14-Feb-12,29,36,32.5,-
15-Feb-12,30,43,36.5,0.16
16-Feb-12,34,47,40.5,0.01
17-Feb-12,28,49,38.5,-
18-Feb-12,27,39,33,-
19-Feb-12,24,38,31,-
20-Feb-12,22,45,33.5,-
21-Feb-12,33,41,37,0.06
22-Feb-12,29,44,36.5,0.01
23-Feb-12,29,40,34.5,0.32
24-Feb-12,26,35,30.5,0.55
25-Feb-12,17,27,22,-
26-Feb-12,17,53,35,-
27-Feb-12,25,40,32.5,-
28-Feb-12,23,44,33.5,0.09
29-Feb-12,35,59,47,0.2
1-Mar-12,35,40,37.5,-
2-Mar-12,34,40,37,0.19
3-Mar-12,30,35,32.5,-
4-Mar-12,26,32,29,-
5-Mar-12,21,37,29,-
6-Mar-12,31,68,49.5,-
7-Mar-12,54,68,61,-
8-Mar-12,37,63,50,0.28
9-Mar-12,28,40,34,-
10-Mar-12,27,60,43.5,-
11-Mar-12,41,69,55,-
12-Mar-12,52,65,58.5,0.19
13-Mar-12,48,70,59,-
14-Mar-12,46,81,63.5,-
15-Mar-12,48,81,64.5,-
16-Mar-12,46,82,64,-
17-Mar-12,58,82,70,-
18-Mar-12,57,81,69,-
19-Mar-12,61,78,69.5,0.03
20-Mar-12,63,85,74,-
21-Mar-12,61,87,74,-
22-Mar-12,60,83,71.5,0.14
23-Mar-12,55,63,59,1.37
24-Mar-12,50,62,56,-
25-Mar-12,43,71,57,-
26-Mar-12,37,47,42,-
27-Mar-12,40,74,57,-
28-Mar-12,46,68,57,-
29-Mar-12,30,48,39,-
30-Mar-12,40,53,46.5,0.58
31-Mar-12,39,50,44.5,-
1-Apr-12,42,57,49.5,0.06
2-Apr-12,47,62,54.5,-
3-Apr-12,48,70,59,-
4-Apr-12,46,58,52,-
5-Apr-12,38,49,43.5,-
6-Apr-12,33,53,43,-
7-Apr-12,34,67,50.5,-
8-Apr-12,45,66,55.5,-
9-Apr-12,42,63,52.5,-
10-Apr-12,34,46,40,-
11-Apr-12,32,54,43,-
12-Apr-12,32,63,47.5,-
13-Apr-12,40,66,53,-
14-Apr-12,54,67,60.5,0.16
15-Apr-12,61,77,69,0.61
16-Apr-12,44,67,55.5,-
17-Apr-12,39,57,48,-
18-Apr-12,39,73,56,0.01
19-Apr-12,45,61,53,-
20-Apr-12,42,47,44.5,0.02
21-Apr-12,36,53,44.5,-
22-Apr-12,41,53,47,-
23-Apr-12,39,60,49.5,-
24-Apr-12,38,66,52,-
25-Apr-12,46,61,53.5,0.1
26-Apr-12,39,55,47,-
27-Apr-12,35,54,44.5,-
28-Apr-12,45,50,47.5,0.26
29-Apr-12,43,57,50,0.36
30-Apr-12,50,62,56,-
1-May-12,49,65,57,0.09
2-May-12,58,80,69,-
3-May-12,66,86,76,1.31
4-May-12,55,73,64,0.3
5-May-12,52,60,56,-
6-May-12,51,70,60.5,0.7
7-May-12,52,64,58,0.48
8-May-12,52,70,61,-
9-May-12,47,60,53.5,0.06
10-May-12,46,67,56.5,-
11-May-12,43,78,60.5,-
12-May-12,53,69,61,0.03
13-May-12,50,72,61,-
14-May-12,43,82,62.5,-
15-May-12,57,86,71.5,0.05
16-May-12,50,65,57.5,-
17-May-12,45,74,59.5,-
18-May-12,53,85,69,-
19-May-12,59,92,75.5,-
20-May-12,65,93,79,0.14
21-May-12,54,67,60.5,-
22-May-12,50,71,60.5,-
23-May-12,47,82,64.5,-
24-May-12,64,90,77,-
25-May-12,65,83,74,-
26-May-12,60,86,73,-
27-May-12,70,97,83.5,-
28-May-12,77,95,86,-
29-May-12,62,85,73.5,-
30-May-12,53,70,61.5,-
31-May-12,47,54,50.5,1.07
1-Jun-12,49,65,57,0.01
2-Jun-12,49,76,62.5,-
3-Jun-12,57,81,69,-
4-Jun-12,59,75,67,-
5-Jun-12,57,70,63.5,-
6-Jun-12,52,76,64,-
7-Jun-12,54,82,68,-
8-Jun-12,54,88,71,-
9-Jun-12,65,90,77.5,-
10-Jun-12,67,93,80,-
11-Jun-12,70,90,80,-
12-Jun-12,59,78,68.5,-
13-Jun-12,54,72,63,-
14-Jun-12,56,87,71.5,-
15-Jun-12,59,94,76.5,-
16-Jun-12,69,94,81.5,0.3
17-Jun-12,69,87,78,0.12
18-Jun-12,69,94,81.5,-
19-Jun-12,78,95,86.5,-
20-Jun-12,77,95,86,-
21-Jun-12,70,85,77.5,0.01
22-Jun-12,64,87,75.5,-
23-Jun-12,62,87,74.5,-
24-Jun-12,65,94,79.5,-
25-Jun-12,60,76,68,-
26-Jun-12,60,83,71.5,-
27-Jun-12,57,92,74.5,-
28-Jun-12,76,100,88,0.04
29-Jun-12,69,88,78.5,0.42
30-Jun-12,69,92,80.5,-
1-Jul-12,68,91,79.5,-
2-Jul-12,71,98,84.5,-
3-Jul-12,77,96,86.5,-
4-Jul-12,79,102,90.5,-
5-Jul-12,79,103,91,0.28
6-Jul-12,82,103,92.5,-
7-Jul-12,73,98,85.5,-
8-Jul-12,68,85,76.5,-
9-Jul-12,66,91,78.5,-
10-Jul-12,68,83,75.5,-
11-Jul-12,64,87,75.5,-
12-Jul-12,66,91,78.5,-
13-Jul-12,70,93,81.5,0.28
14-Jul-12,70,90,80,-
15-Jul-12,71,95,83,-
16-Jul-12,72,97,84.5,-
17-Jul-12,79,99,89,-
18-Jul-12,72,94,83,0.85
19-Jul-12,71,83,77,0.8
20-Jul-12,68,81,74.5,-
21-Jul-12,65,87,76,-
22-Jul-12,68,89,78.5,-
23-Jul-12,81,97,89,-
24-Jul-12,69,84,76.5,0.54
25-Jul-12,70,99,84.5,-
26-Jul-12,69,89,79,0.71
27-Jul-12,66,86,76,-
28-Jul-12,67,82,74.5,-
29-Jul-12,63,85,74,-
30-Jul-12,69,92,80.5,-
31-Jul-12,68,85,76.5,0.16
1-Aug-12,68,90,79,-
2-Aug-12,66,93,79.5,-
3-Aug-12,71,95,83,-
4-Aug-12,71,93,82,0.37
5-Aug-12,66,84,75,-
6-Aug-12,62,85,73.5,-
7-Aug-12,62,92,77,-
8-Aug-12,72,84,78,-
9-Aug-12,63,75,69,0.05
10-Aug-12,62,76,69,0.18
11-Aug-12,56,78,67,-
12-Aug-12,55,76,65.5,-
13-Aug-12,61,69,65,0.4
14-Aug-12,56,84,70,-
15-Aug-12,65,85,75,-
16-Aug-12,62,76,69,0.39
17-Aug-12,58,76,67,-
18-Aug-12,53,77,65,-
19-Aug-12,60,79,69.5,-
20-Aug-12,58,74,66,0.08
21-Aug-12,53,79,66,-
22-Aug-12,54,85,69.5,-
23-Aug-12,64,92,78,0.03
24-Aug-12,64,94,79,-
25-Aug-12,66,93,79.5,-
26-Aug-12,66,79,72.5,0.57
27-Aug-12,66,88,77,-
28-Aug-12,63,86,74.5,-
29-Aug-12,65,84,74.5,-
30-Aug-12,64,90,77,-
31-Aug-12,71,92,81.5,-
1-Sep-12,71,75,73,-
2-Sep-12,73,82,77.5,-
3-Sep-12,71,88,79.5,-
4-Sep-12,66,90,78,0.64
5-Sep-12,63,86,74.5,0.16
6-Sep-12,68,86,77,-
7-Sep-12,59,78,68.5,0.06
8-Sep-12,54,73,63.5,0.28
9-Sep-12,55,72,63.5,-
10-Sep-12,52,75,63.5,-
11-Sep-12,52,83,67.5,-
12-Sep-12,63,86,74.5,-
13-Sep-12,54,71,62.5,0.19
14-Sep-12,51,76,63.5,-
15-Sep-12,50,79,64.5,-
16-Sep-12,49,77,63,-
17-Sep-12,55,78,66.5,0.26
18-Sep-12,47,63,55,-
19-Sep-12,41,73,57,-
20-Sep-12,51,72,61.5,-
21-Sep-12,48,60,54,0.15
22-Sep-12,44,59,51.5,0.02
23-Sep-12,40,61,50.5,-
24-Sep-12,37,70,53.5,-
25-Sep-12,49,77,63,-
26-Sep-12,53,68,60.5,-
27-Sep-12,46,65,55.5,-
28-Sep-12,50,67,58.5,-
29-Sep-12,48,79,63.5,-
30-Sep-12,50,66,58,-
1-Oct-12,47,66,56.5,-
2-Oct-12,53,69,61,-
3-Oct-12,59,63,61,0.26
4-Oct-12,48,77,62.5,0.11
5-Oct-12,39,50,44.5,-
6-Oct-12,34,50,42,-
7-Oct-12,37,51,44,-
8-Oct-12,32,60,46,-
9-Oct-12,42,65,53.5,0.17
10-Oct-12,37,61,49,-
11-Oct-12,35,67,51,0.02
12-Oct-12,37,53,45,-
13-Oct-12,44,67,55.5,0.21
14-Oct-12,48,71,59.5,0.77
15-Oct-12,42,60,51,-
16-Oct-12,40,70,55,-
17-Oct-12,54,68,61,0.51
18-Oct-12,45,54,49.5,0.07
19-Oct-12,44,52,48,0.02
20-Oct-12,39,59,49,-
21-Oct-12,37,68,52.5,-
22-Oct-12,49,65,57,0.81
23-Oct-12,57,70,63.5,0.06
24-Oct-12,58,78,68,-
25-Oct-12,45,75,60,0.13
26-Oct-12,37,51,44,-
27-Oct-12,34,48,41,-
28-Oct-12,38,49,43.5,-
29-Oct-12,36,51,43.5,-
30-Oct-12,39,48,43.5,-
31-Oct-12,34,50,42,-
1-Nov-12,34,54,44,-
2-Nov-12,34,48,41,-
3-Nov-12,36,45,40.5,-
4-Nov-12,32,48,40,-
5-Nov-12,32,44,38,-
6-Nov-12,29,42,35.5,0.13
7-Nov-12,40,47,43.5,0.03
8-Nov-12,35,45,40,-
9-Nov-12,33,56,44.5,-
10-Nov-12,50,66,58,0.19
11-Nov-12,41,70,55.5,0.28
12-Nov-12,29,40,34.5,0.01
13-Nov-12,24,41,32.5,-
14-Nov-12,29,45,37,-
15-Nov-12,30,48,39,-
16-Nov-12,27,54,40.5,-
17-Nov-12,26,55,40.5,-
18-Nov-12,31,57,44,-
19-Nov-12,36,59,47.5,0.01
20-Nov-12,40,58,49,-
21-Nov-12,34,54,44,-
22-Nov-12,42,63,52.5,0.27
23-Nov-12,28,42,35,-
24-Nov-12,24,32,28,-
25-Nov-12,29,42,35.5,-
26-Nov-12,23,36,29.5,-
27-Nov-12,17,33,25,-
28-Nov-12,27,44,35.5,-
29-Nov-12,33,51,42,-
30-Nov-12,36,51,43.5,-
1-Dec-12,29,59,44,0.04
2-Dec-12,44,63,53.5,0.02
3-Dec-12,46,70,58,-
4-Dec-12,38,59,48.5,-
5-Dec-12,27,40,33.5,-
6-Dec-12,32,46,39,-
7-Dec-12,41,46,43.5,0.24
8-Dec-12,36,42,39,0.65
9-Dec-12,35,41,38,0.21
10-Dec-12,31,38,34.5,-
11-Dec-12,24,36,30,-
12-Dec-12,28,46,37,-
13-Dec-12,32,49,40.5,-
14-Dec-12,26,50,38,-
15-Dec-12,37,50,43.5,0.34
16-Dec-12,38,49,43.5,-
17-Dec-12,30,40,35,-
18-Dec-12,31,41,36,-
19-Dec-12,32,43,37.5,0.07
20-Dec-12,33,49,41,1.26
21-Dec-12,20,33,26.5,0.02
22-Dec-12,17,32,24.5,-
23-Dec-12,21,34,27.5,-
24-Dec-12,28,34,31,-
25-Dec-12,25,33,29,0.01
26-Dec-12,28,33,30.5,-
27-Dec-12,28,33,30.5,-
28-Dec-12,29,32,30.5,0.01
29-Dec-12,20,31,25.5,-
30-Dec-12,14,33,23.5,-
31-Dec-12,20,35,27.5,-
1-Jan-13,11,25,18,-
2-Jan-13,10,30,20,-
3-Jan-13,18,29,23.5,-
4-Jan-13,13,36,24.5,-
5-Jan-13,18,39,28.5,0.03
6-Jan-13,14,36,25,-
7-Jan-13,15,41,28,-
8-Jan-13,22,44,33,-
9-Jan-13,27,50,38.5,-
10-Jan-13,22,45,33.5,0.59
11-Jan-13,42,52,47,0.34
12-Jan-13,30,53,41.5,0.06
13-Jan-13,14,30,22,0.1
14-Jan-13,12,25,18.5,-
15-Jan-13,12,31,21.5,-
16-Jan-13,16,36,26,-
17-Jan-13,20,33,26.5,-
18-Jan-13,19,43,31,-
19-Jan-13,28,47,37.5,-
20-Jan-13,13,25,19,-
21-Jan-13,5,15,10,-
22-Jan-13,-1,11,5,-
23-Jan-13,10,23,16.5,-
24-Jan-13,4,22,13,-
25-Jan-13,18,28,23,-
26-Jan-13,13,28,20.5,-
27-Jan-13,23,37,30,-
28-Jan-13,37,49,43,0.04
29-Jan-13,39,63,51,1.21
30-Jan-13,21,52,36.5,0.32
31-Jan-13,6,21,13.5,-
1-Feb-13,0,14,7,0.02
2-Feb-13,8,23,15.5,0.12
3-Feb-13,10,21,15.5,0.03
4-Feb-13,13,28,20.5,0.26
5-Feb-13,6,34,20,0.02
6-Feb-13,11,36,23.5,-
7-Feb-13,31,34,32.5,1
8-Feb-13,23,33,28,0.02
9-Feb-13,20,32,26,-
10-Feb-13,30,49,39.5,0.4
11-Feb-13,29,45,37,-
12-Feb-13,21,29,25,-
13-Feb-13,19,44,31.5,-
14-Feb-13,33,39,36,-
15-Feb-13,20,33,26.5,-
16-Feb-13,13,20,16.5,-
17-Feb-13,9,30,19.5,-
18-Feb-13,27,52,39.5,0.29
19-Feb-13,12,29,20.5,-
20-Feb-13,8,24,16,-
21-Feb-13,19,32,25.5,0.07
22-Feb-13,24,34,29,0.2
23-Feb-13,22,28,25,-
24-Feb-13,17,39,28,-
25-Feb-13,20,43,31.5,-
26-Feb-13,32,36,34,0.45
27-Feb-13,32,34,33,0.18
28-Feb-13,27,35,31,0.02
1-Mar-13,25,30,27.5,0.02
2-Mar-13,18,31,24.5,-
3-Mar-13,15,34,24.5,-
4-Mar-13,18,34,26,-
5-Mar-13,29,33,31,0.66
6-Mar-13,28,34,31,-
7-Mar-13,26,40,33,-
8-Mar-13,19,40,29.5,-
9-Mar-13,30,44,37,0.04
10-Mar-13,39,51,45,0.86
11-Mar-13,33,48,40.5,0.08
12-Mar-13,26,37,31.5,0.03
13-Mar-13,22,33,27.5,-
14-Mar-13,23,37,30,-
15-Mar-13,30,41,35.5,0.2
16-Mar-13,30,35,32.5,-
17-Mar-13,26,35,30.5,-
18-Mar-13,21,35,28,0.08
19-Mar-13,17,32,24.5,-
20-Mar-13,14,25,19.5,-
21-Mar-13,14,33,23.5,-
22-Mar-13,20,41,30.5,-
23-Mar-13,25,41,33,-
24-Mar-13,32,37,34.5,0.01
25-Mar-13,32,38,35,-
26-Mar-13,29,43,36,-
27-Mar-13,31,42,36.5,-
28-Mar-13,28,51,39.5,-
29-Mar-13,32,55,43.5,-
30-Mar-13,28,59,43.5,-
31-Mar-13,36,59,47.5,-
1-Apr-13,29,41,35,-
2-Apr-13,25,45,35,-
3-Apr-13,25,44,34.5,-
4-Apr-13,25,58,41.5,-
5-Apr-13,36,45,40.5,-
6-Apr-13,36,70,53,0.04
7-Apr-13,40,59,49.5,-
8-Apr-13,41,64,52.5,0.49
9-Apr-13,39,55,47,0.15
10-Apr-13,38,41,39.5,0.98
11-Apr-13,38,46,42,0.25
12-Apr-13,37,45,41,-
13-Apr-13,34,45,39.5,-
14-Apr-13,38,69,53.5,-
15-Apr-13,44,66,55,0.33
16-Apr-13,40,58,49,0.01
17-Apr-13,42,49,45.5,0.84
18-Apr-13,40,63,51.5,4.09
19-Apr-13,33,40,36.5,0.01
20-Apr-13,31,47,39,-
21-Apr-13,29,54,41.5,-
22-Apr-13,38,67,52.5,-
23-Apr-13,38,59,48.5,0.61
24-Apr-13,37,50,43.5,0.04
25-Apr-13,38,51,44.5,0.07
26-Apr-13,34,67,50.5,-
27-Apr-13,43,68,55.5,-
28-Apr-13,49,65,57,0.03
29-Apr-13,47,74,60.5,-
30-Apr-13,61,85,73,-
1-May-13,58,84,71,-
2-May-13,42,55,48.5,0.11
3-May-13,40,48,44,0.05
4-May-13,48,71,59.5,-
5-May-13,48,69,58.5,-
6-May-13,50,71,60.5,-
7-May-13,48,75,61.5,-
8-May-13,48,79,63.5,-
9-May-13,46,75,60.5,0.31
10-May-13,44,47,45.5,0.14
11-May-13,43,60,51.5,-
12-May-13,37,55,46,-
13-May-13,36,64,50,-
14-May-13,50,91,70.5,-
15-May-13,60,84,72,-
16-May-13,53,83,68,-
17-May-13,55,70,62.5,-
18-May-13,56,80,68,-
19-May-13,58,86,72,-
20-May-13,65,89,77,1.08
21-May-13,64,81,72.5,0.49
22-May-13,52,73,62.5,1.42
23-May-13,42,54,48,0.06
24-May-13,41,57,49,-
25-May-13,44,57,50.5,-
26-May-13,44,68,56,0.02
27-May-13,53,62,57.5,0.19
28-May-13,56,76,66,0.25
29-May-13,64,84,74,-
30-May-13,64,83,73.5,0.51
31-May-13,64,77,70.5,0.3
1-Jun-13,63,76,69.5,0.56
2-Jun-13,43,63,53,0.01
3-Jun-13,43,68,55.5,-
4-Jun-13,50,71,60.5,-
5-Jun-13,54,73,63.5,0.01
6-Jun-13,52,64,58,0.15
7-Jun-13,52,68,60,-
8-Jun-13,49,74,61.5,-
9-Jun-13,55,80,67.5,0.01
10-Jun-13,60,76,68,0.21
11-Jun-13,60,83,71.5,-
12-Jun-13,63,86,74.5,0.72
13-Jun-13,58,73,65.5,-
14-Jun-13,56,78,67,-
15-Jun-13,58,80,69,0.16
16-Jun-13,68,86,77,0.01
17-Jun-13,59,88,73.5,-
18-Jun-13,56,71,63.5,-
19-Jun-13,53,75,64,-
20-Jun-13,56,86,71,-
21-Jun-13,68,82,75,1.05
22-Jun-13,67,80,73.5,0.04
23-Jun-13,66,87,76.5,0.84
24-Jun-13,67,92,79.5,0.18
25-Jun-13,67,85,76,0.03
26-Jun-13,66,80,73,1.48
27-Jun-13,64,90,77,0.92
28-Jun-13,67,83,75,-
29-Jun-13,64,72,68,-
30-Jun-13,62,77,69.5,-
1-Jul-13,59,75,67,-
2-Jul-13,61,68,64.5,-
3-Jul-13,60,72,66,0.02
4-Jul-13,56,83,69.5,-
5-Jul-13,60,86,73,-
6-Jul-13,65,83,74,-
7-Jul-13,70,88,79,-
8-Jul-13,70,86,78,0.6
9-Jul-13,73,85,79,-
10-Jul-13,66,85,75.5,-
11-Jul-13,64,81,72.5,-
12-Jul-13,58,83,70.5,-
13-Jul-13,62,84,73,-
14-Jul-13,72,88,80,-
15-Jul-13,71,89,80,0.09
16-Jul-13,73,92,82.5,-
17-Jul-13,76,94,85,-
18-Jul-13,77,95,86,-
19-Jul-13,71,96,83.5,0.5
20-Jul-13,71,89,80,0.06
21-Jul-13,68,88,78,0.01
22-Jul-13,71,87,79,0.03
23-Jul-13,63,77,70,-
24-Jul-13,60,72,66,-
25-Jul-13,57,81,69,-
26-Jul-13,63,70,66.5,0.39
27-Jul-13,56,65,60.5,-
28-Jul-13,54,69,61.5,-
29-Jul-13,57,76,66.5,-
30-Jul-13,57,74,65.5,0.03
31-Jul-13,62,75,68.5,0.5
1-Aug-13,61,81,71,-
2-Aug-13,62,84,73,0.63
3-Aug-13,64,81,72.5,-
4-Aug-13,60,75,67.5,-
5-Aug-13,58,75,66.5,0.11
6-Aug-13,67,83,75,-
7-Aug-13,67,89,78,-
8-Aug-13,65,78,71.5,-
9-Aug-13,59,82,70.5,-
10-Aug-13,64,81,72.5,-
11-Aug-13,60,81,70.5,0.01
12-Aug-13,67,82,74.5,0.27
13-Aug-13,58,70,64,-
14-Aug-13,56,72,64,-
15-Aug-13,55,75,65,-
16-Aug-13,55,82,68.5,-
17-Aug-13,57,81,69,-
18-Aug-13,59,81,70,-
19-Aug-13,57,85,71,-
20-Aug-13,66,88,77,-
21-Aug-13,68,90,79,0.01
22-Aug-13,68,78,73,0.24
23-Aug-13,62,82,72,-
24-Aug-13,60,86,73,-
25-Aug-13,65,89,77,-
26-Aug-13,70,92,81,-
27-Aug-13,77,96,86.5,-
28-Aug-13,71,83,77,-
29-Aug-13,66,89,77.5,-
30-Aug-13,67,96,81.5,0.36
31-Aug-13,71,78,74.5,0.07
1-Sep-13,65,85,75,0.14
2-Sep-13,60,79,69.5,-
3-Sep-13,57,77,67,-
4-Sep-13,59,84,71.5,-
5-Sep-13,59,74,66.5,-
6-Sep-13,57,86,71.5,-
7-Sep-13,65,88,76.5,0.01
8-Sep-13,71,77,74,-
9-Sep-13,68,94,81,-
10-Sep-13,77,95,86,-
11-Sep-13,75,91,83,-
12-Sep-13,62,82,72,-
13-Sep-13,52,67,59.5,-
14-Sep-13,47,72,59.5,-
15-Sep-13,56,62,59,0.65
16-Sep-13,51,64,57.5,-
17-Sep-13,49,71,60,-
18-Sep-13,60,81,70.5,0.55
19-Sep-13,69,84,76.5,0.83
20-Sep-13,58,76,67,-
21-Sep-13,52,67,59.5,-
22-Sep-13,49,67,58,-
23-Sep-13,46,67,56.5,-
24-Sep-13,49,70,59.5,-
25-Sep-13,51,70,60.5,-
26-Sep-13,50,75,62.5,-
27-Sep-13,52,81,66.5,-
28-Sep-13,55,84,69.5,0.17
29-Sep-13,51,68,59.5,0.21
30-Sep-13,47,74,60.5,-
1-Oct-13,62,79,70.5,-
2-Oct-13,62,76,69,-
3-Oct-13,60,78,69,0.12
4-Oct-13,65,74,69.5,-
5-Oct-13,61,80,70.5,0.82
6-Oct-13,46,64,55,0.07
7-Oct-13,45,68,56.5,-
8-Oct-13,43,75,59,-
9-Oct-13,48,71,59.5,-
10-Oct-13,46,74,60,-
11-Oct-13,51,76,63.5,-
12-Oct-13,46,73,59.5,0.12
13-Oct-13,44,64,54,-
14-Oct-13,42,62,52,-
15-Oct-13,49,64,56.5,0.07
16-Oct-13,47,54,50.5,-
17-Oct-13,40,53,46.5,0.29
18-Oct-13,39,50,44.5,-
19-Oct-13,42,54,48,0.01
20-Oct-13,36,61,48.5,0.01
21-Oct-13,33,55,44,-
22-Oct-13,29,42,35.5,-
23-Oct-13,32,46,39,-
24-Oct-13,31,44,37.5,-
25-Oct-13,29,51,40,-
26-Oct-13,37,55,46,-
27-Oct-13,29,54,41.5,-
28-Oct-13,35,53,44,-
29-Oct-13,42,57,49.5,-
30-Oct-13,43,62,52.5,0.52
31-Oct-13,46,64,55,1.07
1-Nov-13,43,48,45.5,0.08
2-Nov-13,38,48,43,0.01
3-Nov-13,33,53,43,-
4-Nov-13,42,58,50,-
5-Nov-13,50,55,52.5,0.04
6-Nov-13,36,57,46.5,0.6
7-Nov-13,30,44,37,-
8-Nov-13,28,48,38,-
9-Nov-13,41,58,49.5,-
10-Nov-13,35,49,42,-
11-Nov-13,25,47,36,0.29
12-Nov-13,22,33,27.5,-
13-Nov-13,20,40,30,-
14-Nov-13,32,49,40.5,-
15-Nov-13,38,50,44,-
16-Nov-13,42,61,51.5,0.4
17-Nov-13,43,69,56,0.39
18-Nov-13,30,43,36.5,-
19-Nov-13,25,51,38,-
20-Nov-13,28,45,36.5,0.15
21-Nov-13,41,51,46,0.06
22-Nov-13,27,43,35,0.03
23-Nov-13,15,26,20.5,-
24-Nov-13,11,27,19,-
25-Nov-13,22,31,26.5,0.01
26-Nov-13,17,34,25.5,-
27-Nov-13,13,29,21,-
28-Nov-13,19,34,26.5,-
29-Nov-13,15,41,28,-
30-Nov-13,29,50,39.5,-
1-Dec-13,29,42,35.5,-
2-Dec-13,29,44,36.5,0.07
3-Dec-13,37,50,43.5,0.02
4-Dec-13,40,56,48,0.02
5-Dec-13,21,39,30,-
6-Dec-13,13,21,17,-
7-Dec-13,8,20,14,-
8-Dec-13,15,26,20.5,0.24
9-Dec-13,1,25,13,-
10-Dec-13,-6,25,9.5,-
11-Dec-13,1,21,11,0.05
12-Dec-13,-3,19,8,-
13-Dec-13,13,32,22.5,0.01
14-Dec-13,23,31,27,0.23
15-Dec-13,10,22,16,-
16-Dec-13,7,21,14,0.05
17-Dec-13,16,33,24.5,0.01
18-Dec-13,15,35,25,-
19-Dec-13,33,39,36,0.06
20-Dec-13,33,36,34.5,0.31
21-Dec-13,30,35,32.5,0.23
22-Dec-13,24,34,29,0.21
23-Dec-13,-1,26,12.5,-
24-Dec-13,-2,18,8,0.01
25-Dec-13,18,27,22.5,0.08
26-Dec-13,14,34,24,-
27-Dec-13,21,41,31,-
28-Dec-13,33,50,41.5,-
29-Dec-13,11,40,25.5,0.01
30-Dec-13,1,13,7,0.04
31-Dec-13,2,12,7,0.3
1-Jan-14,10,22,16,0.25
2-Jan-14,-1,21,10,0.22
3-Jan-14,-12,20,4,-
4-Jan-14,19,31,25,0.26
5-Jan-14,-2,29,13.5,0.6
6-Jan-14,-16,-2,-9,-
7-Jan-14,-12,3,-4.5,-
8-Jan-14,-6,17,5.5,-
9-Jan-14,-4,27,11.5,0.01
10-Jan-14,27,40,33.5,0.79
11-Jan-14,31,40,35.5,0.07
12-Jan-14,28,44,36,-
13-Jan-14,27,45,36,-
14-Jan-14,22,35,28.5,0.01
15-Jan-14,15,20,17.5,-
16-Jan-14,19,34,26.5,0.01
17-Jan-14,12,19,15.5,0.01
18-Jan-14,7,21,14,0.12
19-Jan-14,10,37,23.5,-
20-Jan-14,13,35,24,0.17
21-Jan-14,0,13,6.5,0.08
22-Jan-14,0,15,7.5,-
23-Jan-14,-5,10,2.5,-
24-Jan-14,-6,28,11,0.02
25-Jan-14,7,33,20,-
26-Jan-14,7,31,19,0.14
27-Jan-14,-7,6,-0.5,-
28-Jan-14,-11,3,-4,-
29-Jan-14,1,23,12,-
30-Jan-14,20,33,26.5,-
31-Jan-14,17,28,22.5,0.01
1-Feb-14,20,31,25.5,0.43
2-Feb-14,-1,21,10,-
3-Feb-14,-6,21,7.5,-
4-Feb-14,7,24,15.5,0.08
5-Feb-14,9,25,17,0.35
6-Feb-14,-2,14,6,-
7-Feb-14,-4,11,3.5,-
8-Feb-14,5,16,10.5,0.07
9-Feb-14,4,19,11.5,-
10-Feb-14,-3,12,4.5,-
11-Feb-14,-8,14,3,-
12-Feb-14,-5,24,9.5,-
13-Feb-14,10,32,21,-
14-Feb-14,12,22,17,-
15-Feb-14,3,24,13.5,0.04
16-Feb-14,17,29,23,-
17-Feb-14,23,28,25.5,0.35
18-Feb-14,16,46,31,-
19-Feb-14,30,44,37,-
20-Feb-14,34,49,41.5,1.16
21-Feb-14,26,37,31.5,-
22-Feb-14,21,35,28,-
23-Feb-14,15,28,21.5,-
24-Feb-14,12,25,18.5,-
25-Feb-14,6,22,14,-
26-Feb-14,1,18,9.5,-
27-Feb-14,5,18,11.5,-
28-Feb-14,3,30,16.5,-
1-Mar-14,11,31,21,0.4
2-Mar-14,1,14,7.5,0.1
3-Mar-14,-2,19,8.5,-
4-Mar-14,12,27,19.5,-
5-Mar-14,19,23,21,0.15
6-Mar-14,16,33,24.5,-
7-Mar-14,13,47,30,-
8-Mar-14,21,38,29.5,0.02
9-Mar-14,19,42,30.5,-
10-Mar-14,40,53,46.5,-
11-Mar-14,34,50,42,0.02
12-Mar-14,14,34,24,0.57
13-Mar-14,11,39,25,-
14-Mar-14,17,53,35,-
15-Mar-14,28,40,34,-
16-Mar-14,19,27,23,-
17-Mar-14,20,40,30,-
18-Mar-14,27,52,39.5,-
19-Mar-14,34,46,40,0.19
20-Mar-14,30,47,38.5,0.02
21-Mar-14,30,58,44,-
22-Mar-14,27,41,34,-
23-Mar-14,19,32,25.5,-
24-Mar-14,20,36,28,-
25-Mar-14,21,31,26,0.05
26-Mar-14,15,39,27,-
27-Mar-14,34,55,44.5,0.2
28-Mar-14,34,55,44.5,0.06
29-Mar-14,28,41,34.5,-
30-Mar-14,25,57,41,-
31-Mar-14,41,68,54.5,-
1-Apr-14,32,57,44.5,-
2-Apr-14,34,45,39.5,-
3-Apr-14,35,43,39,0.53
4-Apr-14,35,48,41.5,-
5-Apr-14,31,51,41,-
6-Apr-14,31,57,44,-
7-Apr-14,36,54,45,-
8-Apr-14,40,60,50,0.02
9-Apr-14,33,62,47.5,-
10-Apr-14,41,66,53.5,-
11-Apr-14,37,70,53.5,-
12-Apr-14,44,80,62,-
13-Apr-14,42,69,55.5,0.42
14-Apr-14,31,63,47,0.3
15-Apr-14,29,38,33.5,-
16-Apr-14,26,52,39,-
17-Apr-14,40,62,51,-
18-Apr-14,38,51,44.5,-
19-Apr-14,37,66,51.5,-
20-Apr-14,41,79,60,-
21-Apr-14,59,73,66,-
22-Apr-14,36,61,48.5,-
23-Apr-14,33,51,42,-
24-Apr-14,39,64,51.5,0.08
25-Apr-14,45,70,57.5,0.22
26-Apr-14,40,57,48.5,-
27-Apr-14,42,60,51,0.03
28-Apr-14,45,55,50,0.61
29-Apr-14,47,59,53,0.61
30-Apr-14,43,53,48,-
1-May-14,42,49,45.5,0.1
2-May-14,46,53,49.5,-
3-May-14,46,67,56.5,-
4-May-14,44,58,51,-
5-May-14,43,55,49,0.05
6-May-14,41,63,52,-
7-May-14,48,78,63,-
8-May-14,51,89,70,0.04
9-May-14,54,73,63.5,1.09
10-May-14,47,77,62,-
11-May-14,52,81,66.5,0.12
12-May-14,64,84,74,0.56
13-May-14,32,67,49.5,-
14-May-14,44,56,50,-
15-May-14,40,55,47.5,-
16-May-14,37,46,41.5,0.1
17-May-14,39,60,49.5,-
18-May-14,47,69,58,-
19-May-14,45,69,57,-
20-May-14,62,85,73.5,0.7
21-May-14,63,86,74.5,0.13
22-May-14,53,70,61.5,-
23-May-14,48,69,58.5,-
24-May-14,47,74,60.5,-
25-May-14,50,83,66.5,-
26-May-14,61,87,74,-
27-May-14,58,85,71.5,0.21
28-May-14,56,71,63.5,0.03
29-May-14,54,76,65,-
30-May-14,53,79,66,-
31-May-14,54,88,71,-
1-Jun-14,63,90,76.5,-
2-Jun-14,68,83,75.5,0.14
3-Jun-14,66,81,73.5,-
4-Jun-14,55,70,62.5,0.19
5-Jun-14,52,76,64,-
6-Jun-14,49,81,65,-
7-Jun-14,57,84,70.5,0.04
8-Jun-14,54,72,63,0.27
9-Jun-14,55,78,66.5,-
10-Jun-14,56,66,61,1.22
11-Jun-14,57,67,62,0.56
12-Jun-14,58,79,68.5,-
13-Jun-14,55,75,65,-
14-Jun-14,52,79,65.5,-
15-Jun-14,60,84,72,-
16-Jun-14,67,88,77.5,-
17-Jun-14,77,91,84,-
18-Jun-14,61,82,71.5,0.62
19-Jun-14,59,79,69,0.34
20-Jun-14,63,85,74,0.02
21-Jun-14,60,84,72,1.28
22-Jun-14,63,82,72.5,-
23-Jun-14,66,81,73.5,0.05
24-Jun-14,70,87,78.5,0.41
25-Jun-14,59,80,69.5,-
26-Jun-14,60,78,69,-
27-Jun-14,59,88,73.5,-
28-Jun-14,71,87,79,-
29-Jun-14,69,85,77,0.07
30-Jun-14,67,87,77,2.55
1-Jul-14,67,80,73.5,-
2-Jul-14,56,70,63,0.12
3-Jul-14,56,76,66,0.07
4-Jul-14,58,79,68.5,-
5-Jul-14,60,77,68.5,-
6-Jul-14,63,87,75,-
7-Jul-14,71,88,79.5,0.63
8-Jul-14,66,81,73.5,0.54
9-Jul-14,62,80,71,-
10-Jul-14,60,79,69.5,-
11-Jul-14,60,81,70.5,0.01
12-Jul-14,70,80,75,0.29
13-Jul-14,68,85,76.5,0.19
14-Jul-14,61,80,70.5,0.2
15-Jul-14,55,70,62.5,0.05
16-Jul-14,55,72,63.5,-
17-Jul-14,54,78,66,-
18-Jul-14,59,79,69,-
19-Jul-14,57,80,68.5,-
20-Jul-14,60,82,71,-
21-Jul-14,63,86,74.5,-
22-Jul-14,69,90,79.5,0.02
23-Jul-14,59,75,67,-
24-Jul-14,57,75,66,-
25-Jul-14,55,75,65,-
26-Jul-14,68,84,76,-
27-Jul-14,65,87,76,0.02
28-Jul-14,59,73,66,-
29-Jul-14,58,81,69.5,0.01
30-Jul-14,59,79,69,-
31-Jul-14,59,84,71.5,-
1-Aug-14,62,85,73.5,0.15
2-Aug-14,59,86,72.5,-
3-Aug-14,62,87,74.5,-
4-Aug-14,67,87,77,2.65
5-Aug-14,64,80,72,0.11
6-Aug-14,62,80,71,-
7-Aug-14,61,81,71,-
8-Aug-14,66,82,74,-
9-Aug-14,66,80,73,-
10-Aug-14,69,81,75,-
11-Aug-14,67,82,74.5,0.85
12-Aug-14,61,70,65.5,0.07
13-Aug-14,57,82,69.5,-
14-Aug-14,58,72,65,-
15-Aug-14,52,78,65,-
16-Aug-14,62,82,72,-
17-Aug-14,64,71,67.5,-
18-Aug-14,65,83,74,-
19-Aug-14,69,86,77.5,0.08
20-Aug-14,66,86,76,-
21-Aug-14,70,79,74.5,0.9
22-Aug-14,66,86,76,1.76
23-Aug-14,68,86,77,0.34
24-Aug-14,70,88,79,-
25-Aug-14,71,88,79.5,0.01
26-Aug-14,71,85,78,0.12
27-Aug-14,68,82,75,-
28-Aug-14,67,77,72,-
29-Aug-14,71,86,78.5,0.08
30-Aug-14,70,83,76.5,0.27
31-Aug-14,68,88,78,-
1-Sep-14,70,83,76.5,0.34
2-Sep-14,67,82,74.5,0.03
3-Sep-14,61,83,72,-
4-Sep-14,71,85,78,0.38
5-Sep-14,65,88,76.5,0.5
6-Sep-14,60,75,67.5,-
7-Sep-14,54,80,67,-
8-Sep-14,55,77,66,-
9-Sep-14,63,79,71,-
10-Sep-14,56,80,68,1.32
11-Sep-14,50,56,53,-
12-Sep-14,44,74,59,0.12
13-Sep-14,41,59,50,-
14-Sep-14,42,65,53.5,-
15-Sep-14,51,62,56.5,-
16-Sep-14,44,68,56,-
17-Sep-14,48,70,59,-
18-Sep-14,53,70,61.5,-
19-Sep-14,53,78,65.5,-
20-Sep-14,63,77,70,0.08
21-Sep-14,51,69,60,0.04
22-Sep-14,46,67,56.5,-
23-Sep-14,51,74,62.5,-
24-Sep-14,54,80,67,-
25-Sep-14,56,74,65,-
26-Sep-14,51,79,65,-
27-Sep-14,54,79,66.5,-
28-Sep-14,53,78,65.5,-
29-Sep-14,53,83,68,0.01
30-Sep-14,47,58,52.5,-
1-Oct-14,49,70,59.5,-
2-Oct-14,63,72,67.5,0.15
3-Oct-14,43,65,54,0.85
4-Oct-14,35,47,41,0.06
5-Oct-14,37,55,46,-
6-Oct-14,42,61,51.5,0.02
7-Oct-14,48,66,57,-
8-Oct-14,44,65,54.5,-
9-Oct-14,43,62,52.5,-
10-Oct-14,39,58,48.5,-
11-Oct-14,36,59,47.5,-
12-Oct-14,38,63,50.5,-
13-Oct-14,56,67,61.5,0.65
14-Oct-14,52,65,58.5,0.65
15-Oct-14,50,55,52.5,0.05
16-Oct-14,50,56,53,-
17-Oct-14,48,62,55,-
18-Oct-14,36,50,43,0.01
19-Oct-14,33,54,43.5,-
20-Oct-14,46,65,55.5,0.01
21-Oct-14,45,53,49,-
22-Oct-14,35,56,45.5,-
23-Oct-14,36,59,47.5,-
24-Oct-14,52,67,59.5,-
25-Oct-14,49,72,60.5,-
26-Oct-14,42,64,53,-
27-Oct-14,51,77,64,-
28-Oct-14,45,68,56.5,-
29-Oct-14,36,49,42.5,-
30-Oct-14,32,51,41.5,-
31-Oct-14,33,47,40,0.03
1-Nov-14,29,43,36,-
2-Nov-14,25,51,38,-
3-Nov-14,43,62,52.5,-
4-Nov-14,44,60,52,-
5-Nov-14,34,60,47,-
6-Nov-14,38,51,44.5,-
7-Nov-14,29,43,36,-
8-Nov-14,36,47,41.5,0.01
9-Nov-14,35,52,43.5,-
10-Nov-14,41,62,51.5,-
11-Nov-14,31,58,44.5,0.21
12-Nov-14,24,31,27.5,-
13-Nov-14,24,29,26.5,-
14-Nov-14,21,27,24,-
15-Nov-14,17,31,24,0.04
16-Nov-14,18,31,24.5,0.01
17-Nov-14,11,21,16,-
18-Nov-14,9,19,14,-
19-Nov-14,17,32,24.5,-
20-Nov-14,14,27,20.5,-
21-Nov-14,7,35,21,-
22-Nov-14,33,52,42.5,0.07
23-Nov-14,48,52,50,0.63
24-Nov-14,24,49,36.5,0.43
25-Nov-14,18,26,22,0.01
26-Nov-14,17,29,23,-
27-Nov-14,15,27,21,-
28-Nov-14,18,34,26,-
29-Nov-14,29,51,40,-
30-Nov-14,24,50,37,-
1-Dec-14,18,25,21.5,-
2-Dec-14,18,34,26,-
3-Dec-14,24,37,30.5,-
4-Dec-14,23,35,29,-
5-Dec-14,32,40,36,-
6-Dec-14,26,40,33,-
7-Dec-14,26,36,31,-
8-Dec-14,32,37,34.5,0.2
9-Dec-14,31,38,34.5,-
10-Dec-14,28,33,30.5,-
11-Dec-14,23,32,27.5,-
12-Dec-14,23,37,30,-
13-Dec-14,35,47,41,-
14-Dec-14,45,50,47.5,-
15-Dec-14,42,46,44,0.06
16-Dec-14,29,45,37,0.02
17-Dec-14,24,29,26.5,-
18-Dec-14,19,28,23.5,-
19-Dec-14,27,32,29.5,-
20-Dec-14,28,33,30.5,-
21-Dec-14,31,36,33.5,-
22-Dec-14,28,41,34.5,0.32
23-Dec-14,38,48,43,0.19
24-Dec-14,36,40,38,-
25-Dec-14,33,42,37.5,-
26-Dec-14,36,50,43,-
27-Dec-14,31,49,40,-
28-Dec-14,22,35,28.5,-
29-Dec-14,20,30,25,-
30-Dec-14,9,20,14.5,-
31-Dec-14,4,18,11,-
1-Jan-15,14,32,23,-
2-Jan-15,15,34,24.5,-
3-Jan-15,29,34,31.5,0.57
4-Jan-15,2,33,17.5,0.13
5-Jan-15,-3,6,1.5,0.15
6-Jan-15,-5,10,2.5,0.01
7-Jan-15,-5,6,0.5,-
8-Jan-15,-8,18,5,0.06
9-Jan-15,1,11,6,-
10-Jan-15,-2,24,11,-
11-Jan-15,22,32,27,0.19
12-Jan-15,15,28,21.5,-
13-Jan-15,3,19,11,-
14-Jan-15,1,19,10,-
15-Jan-15,17,34,25.5,-
16-Jan-15,23,34,28.5,-
17-Jan-15,26,42,34,-
18-Jan-15,27,40,33.5,-
19-Jan-15,25,41,33,-
20-Jan-15,29,36,32.5,-
21-Jan-15,29,33,31,0.01
22-Jan-15,28,31,29.5,-
23-Jan-15,29,31,30,-
24-Jan-15,29,43,36,-
25-Jan-15,24,34,29,0.08
26-Jan-15,15,26,20.5,0.07
27-Jan-15,20,32,26,-
28-Jan-15,19,34,26.5,0.01
29-Jan-15,29,35,32,0.01
30-Jan-15,18,30,24,-
31-Jan-15,19,36,27.5,0.12
1-Feb-15,19,31,25,2.76
2-Feb-15,6,19,12.5,0.05
3-Feb-15,2,26,14,0.09
4-Feb-15,4,25,14.5,0.02
5-Feb-15,-2,15,6.5,-
6-Feb-15,13,31,22,-
7-Feb-15,18,41,29.5,-
8-Feb-15,25,39,32,0.01
9-Feb-15,19,27,23,-
10-Feb-15,14,33,23.5,-
11-Feb-15,18,35,26.5,-
12-Feb-15,8,18,13,-
13-Feb-15,5,26,15.5,-
14-Feb-15,1,27,14,-
15-Feb-15,-3,15,6,0.03
16-Feb-15,5,18,11.5,-
17-Feb-15,8,19,13.5,-
18-Feb-15,-3,8,2.5,-
19-Feb-15,-8,4,-2,-
20-Feb-15,-7,18,5.5,0.01
21-Feb-15,17,32,24.5,0.01
22-Feb-15,2,28,15,-
23-Feb-15,-4,12,4,-
24-Feb-15,4,29,16.5,0.01
25-Feb-15,10,26,18,0.17
26-Feb-15,0,19,9.5,0.17
27-Feb-15,-2,14,6,-
28-Feb-15,-10,21,5.5,0.02
1-Mar-15,10,25,17.5,-
2-Mar-15,13,33,23,-
3-Mar-15,24,34,29,0.13
4-Mar-15,10,31,20.5,-
5-Mar-15,3,16,9.5,-
6-Mar-15,0,27,13.5,-
7-Mar-15,24,44,34,-
8-Mar-15,28,40,34,-
9-Mar-15,25,50,37.5,-
10-Mar-15,35,51,43,-
11-Mar-15,30,51,40.5,-
12-Mar-15,28,56,42,-
13-Mar-15,37,65,51,-
14-Mar-15,38,60,49,-
15-Mar-15,29,62,45.5,-
16-Mar-15,42,73,57.5,-
17-Mar-15,28,45,36.5,-
18-Mar-15,28,50,39,-
19-Mar-15,37,46,41.5,-
20-Mar-15,38,50,44,-
21-Mar-15,32,49,40.5,-
22-Mar-15,26,35,30.5,0.01
23-Mar-15,28,31,29.5,0.62
24-Mar-15,19,37,28,-
25-Mar-15,35,41,38,0.29
26-Mar-15,31,42,36.5,-
27-Mar-15,22,31,26.5,0.04
28-Mar-15,20,36,28,-
29-Mar-15,24,47,35.5,0.01
30-Mar-15,34,61,47.5,0.09
31-Mar-15,39,58,48.5,-
1-Apr-15,35,72,53.5,-
2-Apr-15,50,65,57.5,0.36
3-Apr-15,30,53,41.5,-
4-Apr-15,28,58,43,-
5-Apr-15,37,66,51.5,-
6-Apr-15,34,62,48,0.02
7-Apr-15,38,46,42,0.02
8-Apr-15,40,50,45,0.03
9-Apr-15,41,71,56,1.43
10-Apr-15,39,62,50.5,-
11-Apr-15,38,62,50,-
12-Apr-15,41,68,54.5,-
13-Apr-15,50,65,57.5,0.22
14-Apr-15,39,66,52.5,-
15-Apr-15,43,64,53.5,-
16-Apr-15,45,66,55.5,-
17-Apr-15,45,78,61.5,-
18-Apr-15,47,65,56,-
19-Apr-15,48,68,58,0.4
20-Apr-15,41,52,46.5,0.01
21-Apr-15,38,54,46,-
22-Apr-15,34,46,40,-
23-Apr-15,32,55,43.5,-
24-Apr-15,29,57,43,0.16
25-Apr-15,39,48,43.5,0.16
26-Apr-15,35,56,45.5,-
27-Apr-15,38,55,46.5,-
28-Apr-15,35,58,46.5,-
29-Apr-15,38,61,49.5,-
30-Apr-15,38,51,44.5,-
1-May-15,38,67,52.5,-
2-May-15,50,76,63,-
3-May-15,55,78,66.5,0.42
4-May-15,55,74,64.5,-
5-May-15,47,56,51.5,0.95
6-May-15,46,77,61.5,-
7-May-15,52,83,67.5,0.04
8-May-15,63,81,72,0.75
9-May-15,47,64,55.5,0.29
10-May-15,45,54,49.5,0.14
11-May-15,47,68,57.5,0.22
12-May-15,44,56,50,-
13-May-15,40,52,46,-
14-May-15,43,66,54.5,0.21
15-May-15,57,76,66.5,0.03
16-May-15,62,79,70.5,0.03
17-May-15,66,82,74,-
18-May-15,49,77,63,-
19-May-15,40,53,46.5,-
20-May-15,39,48,43.5,0.04
21-May-15,45,69,57,-
22-May-15,47,66,56.5,-
23-May-15,46,80,63,-
24-May-15,59,72,65.5,0.36
25-May-15,65,78,71.5,0.07
26-May-15,64,74,69,0.5
27-May-15,54,74,64,-
28-May-15,54,82,68,-
29-May-15,63,81,72,0.2
30-May-15,42,71,56.5,0.41
31-May-15,42,55,48.5,-
1-Jun-15,42,60,51,-
2-Jun-15,42,70,56,-
3-Jun-15,50,77,63.5,-
4-Jun-15,57,81,69,-
5-Jun-15,52,70,61,-
6-Jun-15,52,71,61.5,-
7-Jun-15,55,81,68,0.36
8-Jun-15,60,84,72,0.04
9-Jun-15,60,85,72.5,-
10-Jun-15,63,92,77.5,-
11-Jun-15,58,72,65,0.09
12-Jun-15,56,67,61.5,0.13
13-Jun-15,56,86,71,0.27
14-Jun-15,68,83,75.5,0.6
15-Jun-15,68,80,74,2.56
16-Jun-15,56,72,64,-
17-Jun-15,56,72,64,0.14
18-Jun-15,58,79,68.5,0.27
19-Jun-15,54,67,60.5,-
20-Jun-15,53,78,65.5,0.29
21-Jun-15,67,84,75.5,-
22-Jun-15,66,83,74.5,0.09
23-Jun-15,63,82,72.5,-
24-Jun-15,60,79,69.5,-
25-Jun-15,61,79,70,1.01
26-Jun-15,58,67,62.5,0.13
27-Jun-15,56,76,66,-
28-Jun-15,54,79,66.5,0.02
29-Jun-15,64,75,69.5,0.57
30-Jun-15,57,77,67,0.25
1-Jul-15,54,69,61.5,-
2-Jul-15,53,69,61,-
3-Jul-15,55,77,66,-
4-Jul-15,59,81,70,-
5-Jul-15,60,83,71.5,-
6-Jul-15,64,85,74.5,0.34
7-Jul-15,55,71,63,0.32
8-Jul-15,54,67,60.5,0.07
9-Jul-15,58,77,67.5,-
10-Jul-15,59,83,71,-
11-Jul-15,61,78,69.5,0.03
12-Jul-15,69,83,76,-
13-Jul-15,68,86,77,0.41
14-Jul-15,61,83,72,-
15-Jul-15,59,75,67,-
16-Jul-15,58,75,66.5,0.7
17-Jul-15,71,92,81.5,0.06
18-Jul-15,73,89,81,0.54
19-Jul-15,65,85,75,-
20-Jul-15,63,85,74,-
21-Jul-15,65,82,73.5,-
22-Jul-15,64,83,73.5,-
23-Jul-15,63,85,74,-
24-Jul-15,64,84,74,-
25-Jul-15,69,91,80,-
26-Jul-15,64,80,72,-
27-Jul-15,67,88,77.5,-
28-Jul-15,67,91,79,-
29-Jul-15,70,88,79,-
30-Jul-15,65,88,76.5,-
31-Jul-15,64,87,75.5,-
1-Aug-15,64,87,75.5,-
2-Aug-15,67,91,79,0.8
3-Aug-15,61,82,71.5,-
4-Aug-15,61,82,71.5,-
5-Aug-15,61,82,71.5,-
6-Aug-15,63,83,73,-
7-Aug-15,63,83,73,-
8-Aug-15,67,82,74.5,-
9-Aug-15,67,80,73.5,-
10-Aug-15,65,84,74.5,0.02
11-Aug-15,61,82,71.5,-
12-Aug-15,61,81,71,-
13-Aug-15,65,85,75,-
14-Aug-15,67,90,78.5,0.1
15-Aug-15,67,92,79.5,0.14
16-Aug-15,68,89,78.5,-
17-Aug-15,68,88,78,0.12
18-Aug-15,67,83,75,0.4
19-Aug-15,59,75,67,-
20-Aug-15,55,74,64.5,-
21-Aug-15,55,82,68.5,-
22-Aug-15,60,81,70.5,-
23-Aug-15,55,77,66,-
24-Aug-15,55,75,65,-
25-Aug-15,56,72,64,-
26-Aug-15,51,67,59,-
27-Aug-15,51,76,63.5,-
28-Aug-15,56,72,64,-
29-Aug-15,63,70,66.5,0.74
30-Aug-15,62,77,69.5,-
31-Aug-15,60,85,72.5,-
1-Sep-15,68,88,78,-
2-Sep-15,72,90,81,-
3-Sep-15,71,91,81,-
4-Sep-15,68,85,76.5,-
5-Sep-15,69,87,78,-
6-Sep-15,70,92,81,-
7-Sep-15,76,88,82,-
8-Sep-15,68,81,74.5,1.04
9-Sep-15,58,77,67.5,-
10-Sep-15,54,74,64,0.21
11-Sep-15,54,67,60.5,0.17
12-Sep-15,50,65,57.5,-
13-Sep-15,48,70,59,-
14-Sep-15,52,82,67,-
15-Sep-15,62,82,72,-
16-Sep-15,56,83,69.5,-
17-Sep-15,61,85,73,0.36
18-Sep-15,65,74,69.5,1.91
19-Sep-15,53,71,62,0.71
20-Sep-15,50,73,61.5,-
21-Sep-15,52,74,63,-
22-Sep-15,53,80,66.5,-
23-Sep-15,57,80,68.5,-
24-Sep-15,56,76,66,-
25-Sep-15,60,73,66.5,-
26-Sep-15,60,75,67.5,-
27-Sep-15,61,74,67.5,-
28-Sep-15,64,77,70.5,-
29-Sep-15,55,68,61.5,0.4
30-Sep-15,52,61,56.5,-
1-Oct-15,52,59,55.5,-
2-Oct-15,51,60,55.5,-
3-Oct-15,48,54,51,0.01
4-Oct-15,50,57,53.5,-
5-Oct-15,55,60,57.5,-
6-Oct-15,55,71,63,-
7-Oct-15,54,71,62.5,-
8-Oct-15,50,77,63.5,0.05
9-Oct-15,47,64,55.5,-
10-Oct-15,42,65,53.5,-
11-Oct-15,51,79,65,-
12-Oct-15,53,75,64,-
13-Oct-15,47,63,55,-
14-Oct-15,42,63,52.5,-
15-Oct-15,46,69,57.5,0.03
16-Oct-15,37,55,46,-
17-Oct-15,33,53,43,-
18-Oct-15,33,60,46.5,-
19-Oct-15,47,73,60,-
20-Oct-15,57,74,65.5,0.37
21-Oct-15,52,75,63.5,0.09
22-Oct-15,51,62,56.5,-
23-Oct-15,52,64,58,0.31
24-Oct-15,46,66,56,0.37
25-Oct-15,41,62,51.5,-
26-Oct-15,37,61,49,-
27-Oct-15,50,56,53,0.17
28-Oct-15,37,56,46.5,0.47
29-Oct-15,36,47,41.5,-
30-Oct-15,36,56,46,-
31-Oct-15,45,52,48.5,0.58
1-Nov-15,44,63,53.5,-
2-Nov-15,47,72,59.5,-
3-Nov-15,44,70,57,-
4-Nov-15,48,71,59.5,-
5-Nov-15,59,70,64.5,-
6-Nov-15,41,65,53,0.16
7-Nov-15,35,53,44,-
8-Nov-15,28,52,40,-
9-Nov-15,29,56,42.5,-
10-Nov-15,32,56,44,-
11-Nov-15,36,63,49.5,0.42
12-Nov-15,42,56,49,-
13-Nov-15,32,47,39.5,-
14-Nov-15,25,57,41,-
15-Nov-15,44,64,54,-
16-Nov-15,43,57,50,0.12
17-Nov-15,47,61,54,0.63
18-Nov-15,47,62,54.5,0.2
19-Nov-15,35,47,41,-
20-Nov-15,31,40,35.5,0.28
21-Nov-15,18,33,25.5,1.16
22-Nov-15,7,27,17,-
23-Nov-15,25,37,31,-
24-Nov-15,21,41,31,-
25-Nov-15,29,52,40.5,-
26-Nov-15,48,60,54,0.4
27-Nov-15,34,56,45,0.86
28-Nov-15,30,38,34,-
29-Nov-15,25,41,33,-
30-Nov-15,38,44,41,0.26
1-Dec-15,37,43,40,0.18
2-Dec-15,31,38,34.5,0.21
3-Dec-15,30,35,32.5,-
4-Dec-15,32,47,39.5,-
5-Dec-15,29,46,37.5,-
6-Dec-15,27,47,37,-
7-Dec-15,27,39,33,-
8-Dec-15,38,47,42.5,-
9-Dec-15,40,52,46,-
10-Dec-15,41,57,49,-
11-Dec-15,41,51,46,-
12-Dec-15,47,57,52,-
13-Dec-15,48,61,54.5,0.85
14-Dec-15,42,61,51.5,0.39
15-Dec-15,39,43,41,-
16-Dec-15,35,53,44,0.12
17-Dec-15,28,35,31.5,-
18-Dec-15,24,32,28,-
19-Dec-15,15,30,22.5,-
20-Dec-15,23,50,36.5,0.02
21-Dec-15,41,52,46.5,0.68
22-Dec-15,35,41,38,0.02
23-Dec-15,40,59,49.5,0.49
24-Dec-15,34,42,38,-
25-Dec-15,32,44,38,-
26-Dec-15,37,42,39.5,0.18
27-Dec-15,35,40,37.5,0.17
28-Dec-15,31,39,35,1.25
29-Dec-15,29,39,34,0.02
30-Dec-15,27,29,28,0.09
31-Dec-15,22,28,25,-
1-Jan-16,19,31,25,0.06
2-Jan-16,20,32,26,-
3-Jan-16,22,29,25.5,-
4-Jan-16,22,31,26.5,-
5-Jan-16,17,33,25,-
6-Jan-16,21,36,28.5,-
7-Jan-16,34,41,37.5,0.01
8-Jan-16,36,42,39,0.19
9-Jan-16,23,40,31.5,0.27
10-Jan-16,2,23,12.5,-
11-Jan-16,-1,24,11.5,0.43
12-Jan-16,3,20,11.5,0.01
13-Jan-16,-2,25,11.5,-
14-Jan-16,24,44,34,-
15-Jan-16,30,43,36.5,0.01
16-Jan-16,9,30,19.5,-
17-Jan-16,-1,8,3.5,-
18-Jan-16,-4,7,1.5,-
19-Jan-16,0,17,8.5,-
20-Jan-16,12,23,17.5,0.2
21-Jan-16,9,29,19,-
22-Jan-16,19,30,24.5,0.02
23-Jan-16,20,33,26.5,-
24-Jan-16,24,34,29,-
25-Jan-16,24,41,32.5,0.13
26-Jan-16,24,36,30,0.02
27-Jan-16,23,34,28.5,-
28-Jan-16,29,39,34,0.05
29-Jan-16,20,35,27.5,-
30-Jan-16,35,46,40.5,-
31-Jan-16,33,48,40.5,0.14
1-Feb-16,30,45,37.5,-
2-Feb-16,32,38,35,0.79
3-Feb-16,28,37,32.5,0.02
4-Feb-16,19,32,25.5,0.02
5-Feb-16,25,34,29.5,-
6-Feb-16,24,41,32.5,-
7-Feb-16,32,43,37.5,-
8-Feb-16,20,32,26,0.02
9-Feb-16,13,21,17,0.02
10-Feb-16,9,18,13.5,-
11-Feb-16,7,21,14,-
12-Feb-16,7,23,15,-
13-Feb-16,2,17,9.5,-
14-Feb-16,9,18,13.5,0.1
15-Feb-16,18,27,22.5,0.01
16-Feb-16,24,33,28.5,0.04
17-Feb-16,21,34,27.5,-
18-Feb-16,23,42,32.5,-
19-Feb-16,41,62,51.5,-
20-Feb-16,38,57,47.5,-
21-Feb-16,29,41,35,-
22-Feb-16,26,44,35,-
23-Feb-16,26,45,35.5,-
24-Feb-16,32,36,34,0.15
25-Feb-16,31,37,34,-
26-Feb-16,24,33,28.5,-
27-Feb-16,28,54,41,-
28-Feb-16,36,62,49,0.08
29-Feb-16,28,52,40,-
1-Mar-16,18,30,24,0.12
2-Mar-16,11,32,21.5,-
3-Mar-16,27,33,30,0.07
4-Mar-16,20,39,29.5,0.07
5-Mar-16,29,39,34,-
6-Mar-16,33,52,42.5,-
7-Mar-16,44,63,53.5,0.03
8-Mar-16,58,70,64,-
9-Mar-16,48,63,55.5,0.18
10-Mar-16,37,51,44,-
11-Mar-16,34,55,44.5,-
12-Mar-16,33,59,46,-
13-Mar-16,43,48,45.5,0.56
14-Mar-16,43,55,49,0.01
15-Mar-16,46,58,52,0.05
16-Mar-16,45,56,50.5,0.04
17-Mar-16,40,56,48,-
18-Mar-16,32,49,40.5,-
19-Mar-16,35,46,40.5,-
20-Mar-16,30,44,37,-
21-Mar-16,28,49,38.5,-
22-Mar-16,40,63,51.5,0.26
23-Mar-16,36,42,39,0.1
24-Mar-16,30,39,34.5,1.1
25-Mar-16,28,48,38,-
26-Mar-16,31,54,42.5,-
27-Mar-16,36,63,49.5,0.32
28-Mar-16,35,53,44,-
29-Mar-16,31,58,44.5,-
30-Mar-16,42,62,52,0.13
31-Mar-16,44,67,55.5,0.39
1-Apr-16,35,49,42,0.08
2-Apr-16,27,40,33.5,0.02
3-Apr-16,26,71,48.5,-
4-Apr-16,29,38,33.5,-
5-Apr-16,24,45,34.5,0.02
6-Apr-16,40,50,45,0.31
7-Apr-16,33,41,37,0.06
8-Apr-16,26,41,33.5,0.08
9-Apr-16,22,38,30,-
10-Apr-16,33,50,41.5,0.11
11-Apr-16,36,51,43.5,-
12-Apr-16,30,47,38.5,-
13-Apr-16,34,56,45,-
14-Apr-16,37,61,49,-
15-Apr-16,42,68,55,-
16-Apr-16,41,76,58.5,-
17-Apr-16,45,79,62,-
18-Apr-16,49,83,66,-
19-Apr-16,46,57,51.5,-
20-Apr-16,51,71,61,0.38
21-Apr-16,50,70,60,0.05
22-Apr-16,41,54,47.5,-
23-Apr-16,38,60,49,-
24-Apr-16,41,78,59.5,-
25-Apr-16,58,83,70.5,0.08
26-Apr-16,42,68,55,-
27-Apr-16,41,49,45,0.28
28-Apr-16,42,50,46,0.57
29-Apr-16,41,51,46,0.01
30-Apr-16,43,48,45.5,0.61
1-May-16,42,49,45.5,0.51
2-May-16,42,59,50.5,-
3-May-16,40,67,53.5,-
4-May-16,42,57,49.5,0.4
5-May-16,41,61,51,-
6-May-16,42,82,62,-
7-May-16,44,70,57,0.02
8-May-16,41,71,56,-
9-May-16,50,58,54,0.41
10-May-16,51,63,57,0.83
11-May-16,51,69,60,0.02
12-May-16,53,70,61.5,0.51
13-May-16,43,66,54.5,0.55
14-May-16,41,47,44,0.04
15-May-16,35,55,45,-
16-May-16,46,70,58,-
17-May-16,44,57,50.5,-
18-May-16,41,65,53,-
19-May-16,39,69,54,-
20-May-16,44,68,56,-
21-May-16,53,75,64,-
22-May-16,53,77,65,-
23-May-16,48,81,64.5,-
24-May-16,60,86,73,-
25-May-16,64,86,75,0.95
26-May-16,62,83,72.5,-
27-May-16,66,81,73.5,0.13
28-May-16,64,81,72.5,0.1
29-May-16,63,79,71,0.03
30-May-16,63,87,75,-
31-May-16,63,83,73,0.56
1-Jun-16,62,79,70.5,0.42
2-Jun-16,57,79,68,-
3-Jun-16,55,84,69.5,-
4-Jun-16,62,72,67,0.41
5-Jun-16,61,79,70,0.05
6-Jun-16,59,82,70.5,-
7-Jun-16,51,67,59,-
8-Jun-16,52,70,61,-
9-Jun-16,53,72,62.5,0.15
10-Jun-16,63,90,76.5,0.16
11-Jun-16,71,91,81,-
12-Jun-16,59,79,69,-
13-Jun-16,54,86,70,0.02
14-Jun-16,64,87,75.5,-
15-Jun-16,68,90,79,0.3
16-Jun-16,63,77,70,-
17-Jun-16,61,85,73,-
18-Jun-16,58,87,72.5,-
19-Jun-16,62,89,75.5,-
20-Jun-16,70,93,81.5,-
21-Jun-16,64,84,74,-
22-Jun-16,67,76,71.5,1.31
23-Jun-16,64,78,71,-
24-Jun-16,62,82,72,-
25-Jun-16,65,89,77,-
26-Jun-16,72,90,81,0.06
27-Jun-16,69,90,79.5,-
28-Jun-16,57,71,64,-
29-Jun-16,55,81,68,-
30-Jun-16,57,78,67.5,-
1-Jul-16,59,72,65.5,-
2-Jul-16,54,76,65,-
3-Jul-16,55,77,66,-
4-Jul-16,66,79,72.5,-
5-Jul-16,66,87,76.5,-
6-Jul-16,67,88,77.5,0.87
7-Jul-16,70,84,77,1.05
8-Jul-16,68,86,77,-
9-Jul-16,65,79,72,-
10-Jul-16,60,82,71,-
11-Jul-16,69,90,79.5,-
12-Jul-16,74,88,81,-
13-Jul-16,68,84,76,0.06
14-Jul-16,67,88,77.5,-
15-Jul-16,60,75,67.5,0.14
16-Jul-16,57,77,67,-
17-Jul-16,61,83,72,0.25
18-Jul-16,71,88,79.5,-
19-Jul-16,68,91,79.5,-
20-Jul-16,69,88,78.5,-
21-Jul-16,72,91,81.5,1.02
22-Jul-16,72,90,81,0.02
23-Jul-16,70,91,80.5,1.05
24-Jul-16,71,93,82,1
25-Jul-16,72,89,80.5,-
26-Jul-16,69,88,78.5,-
27-Jul-16,68,89,78.5,-
28-Jul-16,70,84,77,0.66
29-Jul-16,70,81,75.5,0.11
30-Jul-16,68,78,73,-
31-Jul-16,65,81,73,-
1-Aug-16,65,84,74.5,-
2-Aug-16,67,87,77,-
3-Aug-16,69,90,79.5,-
4-Aug-16,70,91,80.5,-
5-Aug-16,72,86,79,0.02
6-Aug-16,66,84,75,-
7-Aug-16,62,83,72.5,-
8-Aug-16,72,84,78,-
9-Aug-16,67,88,77.5,-
10-Aug-16,69,89,79,-
11-Aug-16,73,92,82.5,-
12-Aug-16,74,83,78.5,0.96
13-Aug-16,72,84,78,-
14-Aug-16,65,87,76,-
15-Aug-16,67,78,72.5,-
16-Aug-16,71,88,79.5,0.02
17-Aug-16,70,88,79,0.05
18-Aug-16,70,85,77.5,0.74
19-Aug-16,66,84,75,0.07
20-Aug-16,63,80,71.5,0.47
21-Aug-16,58,76,67,-
22-Aug-16,56,78,67,-
23-Aug-16,60,81,70.5,-
24-Aug-16,70,84,77,0.19
25-Aug-16,67,85,76,0.13
26-Aug-16,66,81,73.5,0.14
27-Aug-16,67,84,75.5,0.84
28-Aug-16,71,83,77,-
29-Aug-16,70,86,78,0.43
30-Aug-16,70,84,77,0.19
31-Aug-16,63,76,69.5,-
1-Sep-16,62,73,67.5,-
2-Sep-16,62,74,68,-
3-Sep-16,56,76,66,-
4-Sep-16,59,80,69.5,-
5-Sep-16,62,87,74.5,-
6-Sep-16,75,91,83,-
7-Sep-16,74,89,81.5,0.39
8-Sep-16,70,82,76,0.05
9-Sep-16,63,81,72,-
10-Sep-16,59,73,66,0.01
11-Sep-16,51,76,63.5,-
12-Sep-16,54,79,66.5,-
13-Sep-16,65,85,75,-
14-Sep-16,64,74,69,0.09
15-Sep-16,60,78,69,-
16-Sep-16,65,83,74,-
17-Sep-16,62,82,72,0.05
18-Sep-16,57,81,69,-
19-Sep-16,56,88,72,-
20-Sep-16,66,83,74.5,-
21-Sep-16,65,74,69.5,0.55
22-Sep-16,64,81,72.5,-
23-Sep-16,67,73,70,-
24-Sep-16,66,74,70,-
25-Sep-16,63,85,74,0.01
26-Sep-16,56,69,62.5,-
27-Sep-16,51,70,60.5,-
28-Sep-16,50,60,55,0.31
29-Sep-16,59,65,62,0.17
30-Sep-16,60,64,62,0.13
1-Oct-16,57,64,60.5,0.94
2-Oct-16,56,65,60.5,0.03
3-Oct-16,57,67,62,-
4-Oct-16,60,75,67.5,-
5-Oct-16,59,80,69.5,-
6-Oct-16,58,74,66,0.25
7-Oct-16,47,70,58.5,-
8-Oct-16,40,65,52.5,-
9-Oct-16,47,63,55,-
10-Oct-16,45,71,58,-
11-Oct-16,54,73,63.5,-
12-Oct-16,45,69,57,0.14
13-Oct-16,38,57,47.5,-
14-Oct-16,38,66,52,-
15-Oct-16,53,70,61.5,-
16-Oct-16,65,72,68.5,0.29
17-Oct-16,67,82,74.5,-
18-Oct-16,55,76,65.5,-
19-Oct-16,49,71,60,0.02
20-Oct-16,45,56,50.5,-
21-Oct-16,37,54,45.5,-
22-Oct-16,37,60,48.5,-
23-Oct-16,41,73,57,-
24-Oct-16,39,59,49,-
25-Oct-16,36,54,45,-
26-Oct-16,45,51,48,1.6
27-Oct-16,42,51,46.5,-
28-Oct-16,38,65,51.5,-
29-Oct-16,56,71,63.5,-
30-Oct-16,41,56,48.5,0.5
31-Oct-16,38,61,49.5,-
1-Nov-16,61,75,68,-
2-Nov-16,55,65,60,0.18
3-Nov-16,48,67,57.5,-
4-Nov-16,40,63,51.5,-
5-Nov-16,43,68,55.5,-
6-Nov-16,42,69,55.5,-
7-Nov-16,42,66,54,-
8-Nov-16,49,63,56,0.03
9-Nov-16,41,58,49.5,-
10-Nov-16,41,63,52,-
11-Nov-16,37,52,44.5,-
12-Nov-16,31,52,41.5,-
13-Nov-16,35,56,45.5,-
14-Nov-16,41,60,50.5,-
15-Nov-16,38,54,46,-
16-Nov-16,39,60,49.5,-
17-Nov-16,44,72,58,-
18-Nov-16,39,66,52.5,0.2
19-Nov-16,28,39,33.5,0.01
20-Nov-16,23,35,29,-
21-Nov-16,22,41,31.5,-
22-Nov-16,25,41,33,0.02
23-Nov-16,37,44,40.5,0.21
24-Nov-16,35,43,39,-
25-Nov-16,31,42,36.5,-
26-Nov-16,32,47,39.5,-
27-Nov-16,32,44,38,0.05
28-Nov-16,41,51,46,0.99
29-Nov-16,44,57,50.5,-
30-Nov-16,34,45,39.5,-
1-Dec-16,35,41,38,-
2-Dec-16,34,40,37,-
3-Dec-16,29,34,31.5,-
4-Dec-16,27,33,30,0.5
5-Dec-16,31,34,32.5,-
6-Dec-16,25,41,33,-
7-Dec-16,22,27,24.5,-
8-Dec-16,17,24,20.5,0.01
9-Dec-16,18,25,21.5,-
10-Dec-16,18,23,20.5,0.12
11-Dec-16,23,33,28,0.44
12-Dec-16,7,32,19.5,-
13-Dec-16,2,22,12,-
14-Dec-16,3,19,11,-
15-Dec-16,-2,9,3.5,-
16-Dec-16,7,20,13.5,0.13
17-Dec-16,18,22,20,0.11
18-Dec-16,-7,18,5.5,0.03
19-Dec-16,-13,15,1,-
20-Dec-16,14,28,21,-
21-Dec-16,19,36,27.5,-
22-Dec-16,24,37,30.5,-
23-Dec-16,27,35,31,0.1
24-Dec-16,33,38,35.5,-
25-Dec-16,32,39,35.5,0.09
26-Dec-16,28,54,41,0.23
27-Dec-16,19,28,23.5,-
28-Dec-16,19,45,32,-
29-Dec-16,30,35,32.5,-
30-Dec-16,24,38,31,-
31-Dec-16,23,40,31.5,-
1-Jan-17,17,40,28.5,-
2-Jan-17,25,40,32.5,0.11
3-Jan-17,19,39,29,-
4-Jan-17,7,19,13,-
5-Jan-17,3,13,8,-
6-Jan-17,0,9,4.5,-
7-Jan-17,0,18,9,-
8-Jan-17,2,19,10.5,-
9-Jan-17,18,33,25.5,0.02
10-Jan-17,25,51,38,0.2
11-Jan-17,25,43,34,0.33
12-Jan-17,19,28,23.5,0.05
13-Jan-17,16,27,21.5,-
14-Jan-17,21,35,28,-
15-Jan-17,20,36,28,-
16-Jan-17,30,37,33.5,0.89
17-Jan-17,35,39,37,0.49
18-Jan-17,30,36,33,-
19-Jan-17,30,42,36,0.45
20-Jan-17,38,43,40.5,0.19
21-Jan-17,40,59,49.5,-
22-Jan-17,38,46,42,0.01
23-Jan-17,36,42,39,-
24-Jan-17,34,38,36,-
25-Jan-17,34,42,38,0.09
26-Jan-17,30,34,32,-
27-Jan-17,24,31,27.5,-
28-Jan-17,24,29,26.5,-
29-Jan-17,21,28,24.5,-
30-Jan-17,15,37,26,0.01
31-Jan-17,35,39,37,0.03
1-Feb-17,21,38,29.5,-
2-Feb-17,14,24,19,-
3-Feb-17,14,28,21,-
4-Feb-17,10,33,21.5,-
5-Feb-17,24,38,31,-
6-Feb-17,21,55,38,-
7-Feb-17,32,50,41,0.47
8-Feb-17,19,32,25.5,-
9-Feb-17,13,25,19,-
10-Feb-17,18,41,29.5,-
11-Feb-17,34,49,41.5,-
12-Feb-17,31,47,39,-
13-Feb-17,25,44,34.5,-
14-Feb-17,31,50,40.5,-
15-Feb-17,26,35,30.5,-
16-Feb-17,30,41,35.5,-
17-Feb-17,27,67,47,-
18-Feb-17,40,70,55,-
19-Feb-17,35,69,52,-
20-Feb-17,41,70,55.5,-
21-Feb-17,49,66,57.5,0.04
22-Feb-17,50,68,59,-
23-Feb-17,38,59,48.5,0.21
24-Feb-17,33,40,36.5,0.15
25-Feb-17,23,33,28,-
26-Feb-17,21,49,35,-
27-Feb-17,27,54,40.5,-
28-Feb-17,47,60,53.5,0.65
1-Mar-17,32,54,43,0.08
2-Mar-17,27,35,31,-
3-Mar-17,21,33,27,-
4-Mar-17,28,42,35,0.01
5-Mar-17,32,60,46,-
6-Mar-17,52,65,58.5,-
7-Mar-17,44,65,54.5,0.24
8-Mar-17,40,53,46.5,-
9-Mar-17,29,42,35.5,-
10-Mar-17,23,36,29.5,-
11-Mar-17,18,32,25,-
12-Mar-17,18,36,27,0.03
13-Mar-17,27,31,29,0.18
14-Mar-17,19,28,23.5,0.19
15-Mar-17,16,33,24.5,-
16-Mar-17,18,42,30,-
17-Mar-17,36,50,43,0.03
18-Mar-17,32,45,38.5,-
19-Mar-17,29,53,41,-
20-Mar-17,37,54,45.5,0.13
21-Mar-17,33,54,43.5,-
22-Mar-17,28,37,32.5,-
23-Mar-17,29,50,39.5,0.02
24-Mar-17,42,82,62,-
25-Mar-17,41,47,44,0.7
26-Mar-17,47,62,54.5,0.31
27-Mar-17,42,52,47,-
28-Mar-17,36,50,43,-
29-Mar-17,35,49,42,0.08
30-Mar-17,39,45,42,1.82
31-Mar-17,36,44,40,0.16
1-Apr-17,34,59,46.5,-
2-Apr-17,42,61,51.5,-
3-Apr-17,46,54,50,0.4
4-Apr-17,43,56,49.5,0.05
5-Apr-17,40,47,43.5,1.11
6-Apr-17,38,51,44.5,0.49
7-Apr-17,37,54,45.5,-
8-Apr-17,37,68,52.5,-
9-Apr-17,57,77,67,-
10-Apr-17,41,78,59.5,0.32
11-Apr-17,41,54,47.5,-
12-Apr-17,38,59,48.5,-
13-Apr-17,44,60,52,0.19
14-Apr-17,47,66,56.5,0.06
15-Apr-17,61,82,71.5,-
16-Apr-17,52,73,62.5,0.69
17-Apr-17,44,69,56.5,-
18-Apr-17,41,76,58.5,-
19-Apr-17,45,70,57.5,0.01
20-Apr-17,48,73,60.5,-
21-Apr-17,44,53,48.5,-
22-Apr-17,38,60,49,-
23-Apr-17,37,72,54.5,-
24-Apr-17,40,73,56.5,-
25-Apr-17,52,79,65.5,-
26-Apr-17,60,74,67,0.15
27-Apr-17,41,62,51.5,0.21
28-Apr-17,40,60,50,-
29-Apr-17,40,46,43,1.94
30-Apr-17,42,47,44.5,1.26
1-May-17,45,57,51,0.16
2-May-17,41,51,46,0.01
3-May-17,35,56,45.5,-
4-May-17,43,54,48.5,-
5-May-17,41,61,51,-
6-May-17,44,58,51,0.11
7-May-17,36,59,47.5,-
8-May-17,34,57,45.5,0.02
9-May-17,42,61,51.5,0.13
10-May-17,44,67,55.5,0.87
11-May-17,49,65,57,-
12-May-17,45,73,59,-
13-May-17,47,82,64.5,-
14-May-17,51,71,61,-
15-May-17,50,82,66,0.02
16-May-17,61,87,74,-
17-May-17,62,84,73,0.05
18-May-17,48,78,63,0.32
19-May-17,43,50,46.5,0.23
20-May-17,48,64,56,0.34
21-May-17,51,65,58,0.05
22-May-17,48,73,60.5,0.01
23-May-17,55,62,58.5,0.25
24-May-17,53,62,57.5,0.25
25-May-17,52,69,60.5,-
26-May-17,52,71,61.5,0.53
27-May-17,52,78,65,-
28-May-17,56,77,66.5,-
29-May-17,55,77,66,-
30-May-17,54,74,64,-
31-May-17,52,74,63,-
1-Jun-17,51,81,66,-
2-Jun-17,53,86,69.5,-
3-Jun-17,57,84,70.5,-
4-Jun-17,66,92,79,-
5-Jun-17,59,75,67,-
6-Jun-17,54,76,65,-
7-Jun-17,56,77,66.5,-
8-Jun-17,53,83,68,-
9-Jun-17,65,87,76,0.06
10-Jun-17,64,90,77,-
11-Jun-17,73,93,83,-
12-Jun-17,73,95,84,-
13-Jun-17,68,88,78,-
14-Jun-17,68,92,80,0.59
15-Jun-17,68,91,79.5,0.01
16-Jun-17,67,86,76.5,0.28
17-Jun-17,69,87,78,0.42
18-Jun-17,69,79,74,-
19-Jun-17,62,80,71,0.03
20-Jun-17,58,80,69,-
21-Jun-17,55,80,67.5,-
22-Jun-17,68,88,78,-
23-Jun-17,66,83,74.5,0.71
24-Jun-17,59,75,67,0.02
25-Jun-17,54,72,63,-
26-Jun-17,54,75,64.5,-
27-Jun-17,50,78,64,-
28-Jun-17,58,80,69,0.52
29-Jun-17,66,81,73.5,0.8
30-Jun-17,64,84,74,-
1-Jul-17,66,82,74,-
2-Jul-17,62,89,75.5,-
3-Jul-17,66,80,73,0.04
4-Jul-17,64,83,73.5,-
5-Jul-17,65,89,77,-
6-Jul-17,69,93,81,-
7-Jul-17,63,89,76,-
8-Jul-17,62,80,71,-
9-Jul-17,63,86,74.5,-
10-Jul-17,67,84,75.5,0.73
11-Jul-17,70,85,77.5,0.37
12-Jul-17,68,81,74.5,1.94
13-Jul-17,72,83,77.5,0.02
14-Jul-17,63,73,68,-
15-Jul-17,60,81,70.5,-
16-Jul-17,60,78,69,-
17-Jul-17,56,79,67.5,-
18-Jul-17,60,89,74.5,-
19-Jul-17,70,88,79,0.53
20-Jul-17,69,88,78.5,1.77
21-Jul-17,72,89,80.5,1.35
22-Jul-17,72,88,80,0.74
23-Jul-17,70,90,80,0.21
24-Jul-17,66,74,70,-
25-Jul-17,61,82,71.5,-
26-Jul-17,65,85,75,0.01
27-Jul-17,70,82,76,0.02
28-Jul-17,67,79,73,-
29-Jul-17,64,79,71.5,-
30-Jul-17,62,84,73,-
31-Jul-17,65,86,75.5,-
1-Aug-17,67,86,76.5,0.92
2-Aug-17,66,87,76.5,-
3-Aug-17,61,84,72.5,0.88
4-Aug-17,56,68,62,-
5-Aug-17,60,80,70,-
6-Aug-17,63,77,70,-
7-Aug-17,61,76,68.5,-
8-Aug-17,58,84,71,-
9-Aug-17,61,83,72,-
10-Aug-17,62,84,73,0.03
11-Aug-17,65,78,71.5,-
12-Aug-17,60,77,68.5,-
13-Aug-17,57,80,68.5,-
14-Aug-17,62,83,72.5,-
15-Aug-17,68,84,76,-
16-Aug-17,67,88,77.5,0.17
17-Aug-17,72,82,77,0.02
18-Aug-17,67,82,74.5,-
19-Aug-17,63,86,74.5,-
20-Aug-17,63,90,76.5,-
21-Aug-17,71,87,79,0.03
22-Aug-17,64,82,73,0.02
23-Aug-17,60,79,69.5,-
24-Aug-17,56,75,65.5,-
25-Aug-17,52,74,63,-
26-Aug-17,56,78,67,-
27-Aug-17,62,78,70,0.01
28-Aug-17,64,80,72,0.36
29-Aug-17,61,76,68.5,0.07
30-Aug-17,60,82,71,-
31-Aug-17,64,73,68.5,-
1-Sep-17,50,69,59.5,-
2-Sep-17,50,75,62.5,0.25
3-Sep-17,57,84,70.5,-
4-Sep-17,62,82,72,-
5-Sep-17,54,70,62,-
6-Sep-17,49,67,58,-
7-Sep-17,52,71,61.5,-
8-Sep-17,58,69,63.5,-
9-Sep-17,54,72,63,-
10-Sep-17,50,70,60,-
11-Sep-17,52,75,63.5,-
12-Sep-17,54,77,65.5,-
13-Sep-17,58,77,67.5,-
14-Sep-17,59,81,70,-
15-Sep-17,62,87,74.5,-
16-Sep-17,65,88,76.5,-
17-Sep-17,63,86,74.5,-
18-Sep-17,58,77,67.5,-
19-Sep-17,64,79,71.5,0.07
20-Sep-17,62,92,77,-
21-Sep-17,72,94,83,-
22-Sep-17,71,94,82.5,-
23-Sep-17,72,95,83.5,-
24-Sep-17,70,93,81.5,-
25-Sep-17,67,92,79.5,-
26-Sep-17,70,92,81,-
27-Sep-17,56,72,64,-
28-Sep-17,53,74,63.5,-
29-Sep-17,56,70,63,-
30-Sep-17,53,68,60.5,-
1-Oct-17,48,72,60,-
2-Oct-17,58,83,70.5,-
3-Oct-17,67,78,72.5,-
4-Oct-17,58,76,67,0.03
5-Oct-17,54,77,65.5,0.01
6-Oct-17,60,69,64.5,0.3
7-Oct-17,60,79,69.5,0.43
8-Oct-17,54,78,66,-
9-Oct-17,52,81,66.5,-
10-Oct-17,58,63,60.5,0.7
11-Oct-17,56,62,59,0.87
12-Oct-17,56,60,58,-
13-Oct-17,55,73,64,-
14-Oct-17,62,66,64,4.17
15-Oct-17,47,68,57.5,0.22
16-Oct-17,43,63,53,-
17-Oct-17,49,70,59.5,-
18-Oct-17,47,71,59,-
19-Oct-17,51,70,60.5,-
20-Oct-17,51,78,64.5,-
21-Oct-17,60,77,68.5,-
22-Oct-17,51,70,60.5,0.31
23-Oct-17,50,54,52,0.76
24-Oct-17,42,50,46,0.9
25-Oct-17,38,53,45.5,-
26-Oct-17,36,60,48,-
27-Oct-17,38,52,45,-
28-Oct-17,36,40,38,-
29-Oct-17,33,46,39.5,-
30-Oct-17,37,50,43.5,-
31-Oct-17,34,40,37,-
1-Nov-17,36,44,40,0.22
2-Nov-17,44,51,47.5,0.03
3-Nov-17,38,48,43,-
4-Nov-17,42,50,46,0.48
5-Nov-17,42,52,47,0.02
6-Nov-17,32,43,37.5,-
7-Nov-17,32,45,38.5,-
8-Nov-17,29,46,37.5,-
9-Nov-17,21,46,33.5,-
10-Nov-17,18,30,24,-
11-Nov-17,26,38,32,-
12-Nov-17,36,40,38,0.13
13-Nov-17,31,40,35.5,-
14-Nov-17,30,49,39.5,-
15-Nov-17,35,52,43.5,0.17
16-Nov-17,33,38,35.5,-
17-Nov-17,35,48,41.5,0.14
18-Nov-17,35,48,41.5,0.54
19-Nov-17,30,37,33.5,-
20-Nov-17,30,52,41,-
21-Nov-17,27,44,35.5,0.02
22-Nov-17,22,35,28.5,-
23-Nov-17,32,46,39,-
24-Nov-17,32,63,47.5,-
25-Nov-17,32,55,43.5,-
26-Nov-17,27,49,38,-
27-Nov-17,31,57,44,-
28-Nov-17,43,61,52,-
29-Nov-17,34,47,40.5,-
30-Nov-17,39,54,46.5,-
1-Dec-17,28,53,40.5,-
2-Dec-17,33,54,43.5,-
3-Dec-17,29,58,43.5,-
4-Dec-17,44,65,54.5,0.16
5-Dec-17,27,44,35.5,-
6-Dec-17,26,35,30.5,-
7-Dec-17,19,29,24,-
8-Dec-17,18,37,27.5,0.01
9-Dec-17,20,32,26,0.03
10-Dec-17,20,35,27.5,-
11-Dec-17,23,39,31,0.08
12-Dec-17,17,31,24,0.01
13-Dec-17,22,38,30,-
14-Dec-17,16,27,21.5,-
15-Dec-17,21,37,29,-
16-Dec-17,27,46,36.5,-
17-Dec-17,29,42,35.5,-
18-Dec-17,39,46,42.5,0.01
19-Dec-17,35,50,42.5,-
20-Dec-17,27,37,32,-
21-Dec-17,32,40,36,-
22-Dec-17,33,39,36,-
23-Dec-17,19,33,26,-
24-Dec-17,18,22,20,0.18
25-Dec-17,2,21,11.5,0.01
26-Dec-17,-3,5,1,-
27-Dec-17,-4,7,1.5,-
28-Dec-17,0,15,7.5,0.03
29-Dec-17,9,15,12,0.08
30-Dec-17,-1,15,7,-
31-Dec-17,-1,13,6,-
1-Jan-18,-9,1,-4,-
2-Jan-18,-9,8,-0.5,-
3-Jan-18,6,17,11.5,-
4-Jan-18,0,12,6,-
5-Jan-18,-1,11,5,-
6-Jan-18,-2,17,7.5,-
7-Jan-18,8,33,20.5,0.03
8-Jan-18,31,37,34,-
9-Jan-18,26,36,31,-
10-Jan-18,30,56,43,0.01
11-Jan-18,23,59,41,0.36
12-Jan-18,14,23,18.5,-
13-Jan-18,6,16,11,-
14-Jan-18,5,21,13,0.08
15-Jan-18,10,24,17,0.14
16-Jan-18,9,26,17.5,0.01
17-Jan-18,4,20,12,-
18-Jan-18,16,32,24,-
19-Jan-18,28,40,34,-
20-Jan-18,32,45,38.5,-
21-Jan-18,36,44,40,-
22-Jan-18,38,54,46,0.81
23-Jan-18,28,39,33.5,0.07
24-Jan-18,27,30,28.5,-
25-Jan-18,24,43,33.5,-
26-Jan-18,33,51,42,-
27-Jan-18,36,50,43,-
28-Jan-18,28,40,34,0.01
29-Jan-18,17,30,23.5,-
30-Jan-18,15,31,23,-
31-Jan-18,31,42,36.5,-
1-Feb-18,8,35,21.5,-
2-Feb-18,5,22,13.5,-
3-Feb-18,22,41,31.5,0.03
4-Feb-18,4,35,19.5,0.12
5-Feb-18,-3,12,4.5,0.22
6-Feb-18,3,21,12,0.01
7-Feb-18,8,20,14,0.12
8-Feb-18,7,21,14,0.14
9-Feb-18,18,28,23,0.58
10-Feb-18,14,22,18,0.05
11-Feb-18,11,22,16.5,0.39
12-Feb-18,4,27,15.5,-
13-Feb-18,7,35,21,-
14-Feb-18,24,44,34,-
15-Feb-18,38,48,43,-
16-Feb-18,20,37,28.5,-
17-Feb-18,17,35,26,0.11
18-Feb-18,12,41,26.5,0.02
19-Feb-18,37,60,48.5,0.51
20-Feb-18,34,66,50,2.11
21-Feb-18,27,34,30.5,0.04
22-Feb-18,29,40,34.5,-
23-Feb-18,33,44,38.5,0.06
24-Feb-18,33,50,41.5,0.11
25-Feb-18,34,50,42,0.06
26-Feb-18,28,53,40.5,-
27-Feb-18,39,62,50.5,-
28-Feb-18,37,59,48,-
1-Mar-18,34,46,40,0.81
2-Mar-18,30,48,39,-
3-Mar-18,33,43,38,-
4-Mar-18,32,46,39,-
5-Mar-18,33,40,36.5,0.11
6-Mar-18,31,41,36,0.07
7-Mar-18,25,34,29.5,-
8-Mar-18,24,34,29,-
9-Mar-18,23,41,32,-
10-Mar-18,23,41,32,-
11-Mar-18,28,40,34,-
12-Mar-18,30,46,38,-
13-Mar-18,19,35,27,0.22
14-Mar-18,22,48,35,-
15-Mar-18,28,50,39,-
16-Mar-18,29,38,33.5,-
17-Mar-18,30,46,38,-
18-Mar-18,27,57,42,-
19-Mar-18,33,46,39.5,-
20-Mar-18,29,37,33,-
21-Mar-18,25,40,32.5,-
22-Mar-18,22,50,36,-
23-Mar-18,25,43,34,-
24-Mar-18,32,40,36,-
25-Mar-18,27,41,34,-
26-Mar-18,31,53,42,0.19
27-Mar-18,39,51,45,0.19
28-Mar-18,39,54,46.5,-
29-Mar-18,35,50,42.5,0.06
30-Mar-18,33,49,41,-
31-Mar-18,32,58,45,0.09
1-Apr-18,24,35,29.5,-
2-Apr-18,21,44,32.5,-
3-Apr-18,34,40,37,0.2
4-Apr-18,26,35,30.5,0.01
5-Apr-18,23,42,32.5,0.07
6-Apr-18,25,38,31.5,-
7-Apr-18,20,39,29.5,-
8-Apr-18,21,39,30,0.01
9-Apr-18,30,39,34.5,0.1
10-Apr-18,28,46,37,-
11-Apr-18,39,66,52.5,0.01
12-Apr-18,42,73,57.5,0.07
13-Apr-18,39,47,43,0.05
14-Apr-18,36,39,37.5,0.87
15-Apr-18,28,37,32.5,0.84
16-Apr-18,27,35,31,0.02
17-Apr-18,29,43,36,-
18-Apr-18,30,37,33.5,-
19-Apr-18,31,55,43,-
20-Apr-18,31,61,46,-
21-Apr-18,39,55,47,-
22-Apr-18,42,62,52,-
23-Apr-18,43,63,53,-
24-Apr-18,48,65,56.5,-
25-Apr-18,38,53,45.5,-
26-Apr-18,36,66,51,-
27-Apr-18,39,58,48.5,0.02
28-Apr-18,33,50,41.5,-
29-Apr-18,31,59,45,-
30-Apr-18,40,80,60,-
1-May-18,60,86,73,-
2-May-18,63,86,74.5,1.07
3-May-18,54,70,62,0.82
4-May-18,61,74,67.5,-
5-May-18,57,82,69.5,-
6-May-18,50,68,59,-
7-May-18,46,75,60.5,-
8-May-18,57,81,69,-
9-May-18,57,81,69,0.25
10-May-18,50,73,61.5,-
11-May-18,45,52,48.5,0.04
12-May-18,44,50,47,0.33
13-May-18,45,67,56,0.91
14-May-18,53,83,68,1.54
15-May-18,51,71,61,-
16-May-18,47,79,63,-
17-May-18,52,69,60.5,-
18-May-18,52,65,58.5,0.09
19-May-18,54,69,61.5,0.03
20-May-18,44,55,49.5,0.27
21-May-18,49,64,56.5,1.96
22-May-18,54,67,60.5,-
23-May-18,52,80,66,-
24-May-18,58,87,72.5,-
25-May-18,67,89,78,-
26-May-18,70,90,80,-
27-May-18,70,97,83.5,-
28-May-18,70,95,82.5,-
29-May-18,66,87,76.5,-
30-May-18,67,86,76.5,0.9
31-May-18,69,89,79,-
1-Jun-18,53,76,64.5,-
2-Jun-18,52,70,61,0.31
3-Jun-18,60,78,69,-
4-Jun-18,55,80,67.5,-
5-Jun-18,54,72,63,0.01
6-Jun-18,48,79,63.5,0.1
7-Jun-18,60,81,70.5,-
8-Jun-18,59,73,66,-
9-Jun-18,57,82,69.5,1.31
10-Jun-18,60,71,65.5,1.33
11-Jun-18,61,70,65.5,0.09
12-Jun-18,62,80,71,0.02
13-Jun-18,64,81,72.5,-
14-Jun-18,64,81,72.5,-
15-Jun-18,64,89,76.5,-
16-Jun-18,69,92,80.5,0.65
17-Jun-18,78,93,85.5,-
18-Jun-18,66,95,80.5,0.21
19-Jun-18,63,81,72,0.17
20-Jun-18,65,77,71,-
21-Jun-18,62,67,64.5,1.41
22-Jun-18,59,64,61.5,1.23
23-Jun-18,62,81,71.5,-
24-Jun-18,64,80,72,-
25-Jun-18,61,78,69.5,-
26-Jun-18,66,84,75,0.76
27-Jun-18,69,80,74.5,0.03
28-Jun-18,68,88,78,-
29-Jun-18,73,96,84.5,-
30-Jun-18,80,94,87,-
1-Jul-18,76,94,85,0.24
2-Jul-18,69,85,77,-
3-Jul-18,63,89,76,-
4-Jul-18,76,93,84.5,0.01
5-Jul-18,74,92,83,0.02
6-Jul-18,64,75,69.5,-
7-Jul-18,59,82,70.5,-
8-Jul-18,63,88,75.5,-
9-Jul-18,67,91,79,-
10-Jul-18,71,87,79,-
11-Jul-18,67,87,77,-
12-Jul-18,70,87,78.5,-
13-Jul-18,72,95,83.5,-
14-Jul-18,72,82,77,0.26
15-Jul-18,72,91,81.5,-
16-Jul-18,72,93,82.5,0.08
17-Jul-18,68,81,74.5,-
18-Jul-18,63,80,71.5,-
19-Jul-18,67,87,77,0.01
20-Jul-18,70,78,74,0.17
21-Jul-18,69,79,74,0.12
22-Jul-18,67,76,71.5,0.13
23-Jul-18,65,82,73.5,-
24-Jul-18,66,88,77,-
25-Jul-18,67,90,78.5,-
26-Jul-18,66,81,73.5,0.03
27-Jul-18,62,79,70.5,-
28-Jul-18,61,82,71.5,-
29-Jul-18,62,83,72.5,0.07
30-Jul-18,62,82,72,-
31-Jul-18,66,80,73,-
1-Aug-18,63,85,74,-
2-Aug-18,70,85,77.5,-
3-Aug-18,67,89,78,-
4-Aug-18,71,97,84,-
5-Aug-18,75,94,84.5,-
6-Aug-18,69,81,75,0.34
7-Aug-18,69,83,76,2.36
8-Aug-18,69,85,77,-
9-Aug-18,69,89,79,0.43
10-Aug-18,70,83,76.5,-
11-Aug-18,68,88,78,-
12-Aug-18,70,87,78.5,-
13-Aug-18,66,89,77.5,-
14-Aug-18,71,87,79,-
15-Aug-18,73,85,79,0.01
16-Aug-18,69,86,77.5,-
17-Aug-18,68,85,76.5,0.61
18-Aug-18,70,80,75,-
19-Aug-18,68,86,77,-
20-Aug-18,69,79,74,0.82
21-Aug-18,66,78,72,0.13
22-Aug-18,58,79,68.5,-
23-Aug-18,60,80,70,-
24-Aug-18,63,72,67.5,0.04
25-Aug-18,66,86,76,0.06
26-Aug-18,72,93,82.5,-
27-Aug-18,78,93,85.5,-
28-Aug-18,67,91,79,0.92
29-Aug-18,65,76,70.5,0.79
30-Aug-18,61,73,67,-
31-Aug-18,60,85,72.5,-
1-Sep-18,72,86,79,0.16
2-Sep-18,70,91,80.5,0.02
3-Sep-18,70,88,79,1.79
4-Sep-18,71,92,81.5,-
5-Sep-18,69,91,80,0.24
6-Sep-18,64,69,66.5,0.53
7-Sep-18,63,69,66,0.3
8-Sep-18,63,69,66,-
9-Sep-18,60,68,64,-
10-Sep-18,56,74,65,-
11-Sep-18,57,79,68,-
12-Sep-18,61,82,71.5,-
13-Sep-18,60,78,69,-
14-Sep-18,64,87,75.5,-
15-Sep-18,64,82,73,-
16-Sep-18,66,89,77.5,-
17-Sep-18,69,91,80,-
18-Sep-18,66,75,70.5,-
19-Sep-18,66,76,71,0.21
20-Sep-18,66,93,79.5,-
21-Sep-18,56,83,69.5,-
22-Sep-18,51,64,57.5,-
23-Sep-18,50,71,60.5,-
24-Sep-18,57,74,65.5,-
25-Sep-18,61,84,72.5,0.25
26-Sep-18,50,67,58.5,-
27-Sep-18,48,70,59,-
28-Sep-18,46,60,53,0.07
29-Sep-18,42,61,51.5,0.02
30-Sep-18,53,62,57.5,0.05
1-Oct-18,57,72,64.5,1.37
2-Oct-18,58,67,62.5,0.21
3-Oct-18,59,88,73.5,-
4-Oct-18,52,77,64.5,0.04
5-Oct-18,54,65,59.5,1.22
6-Oct-18,57,70,63.5,0.14
7-Oct-18,57,63,60,0.51
8-Oct-18,63,85,74,0.16
9-Oct-18,70,85,77.5,0.01
10-Oct-18,51,75,63,0.35
11-Oct-18,40,51,45.5,-
12-Oct-18,36,42,39,-
13-Oct-18,32,53,42.5,-
14-Oct-18,38,54,46,0.07
15-Oct-18,37,48,42.5,0.1
16-Oct-18,34,59,46.5,-
17-Oct-18,38,51,44.5,-
18-Oct-18,34,58,46,-
19-Oct-18,46,54,50,0.03
20-Oct-18,31,51,41,-
21-Oct-18,28,51,39.5,-
22-Oct-18,38,64,51,-
23-Oct-18,38,54,46,-
24-Oct-18,37,52,44.5,-
25-Oct-18,37,53,45,-
26-Oct-18,46,53,49.5,-
27-Oct-18,43,54,48.5,-
28-Oct-18,44,51,47.5,0.12
29-Oct-18,40,56,48,-
30-Oct-18,45,64,54.5,0.16
31-Oct-18,47,61,54,0.31
1-Nov-18,43,52,47.5,-
2-Nov-18,37,50,43.5,-
3-Nov-18,34,50,42,0.06
4-Nov-18,46,52,49,0.54
5-Nov-18,44,51,47.5,0.36
6-Nov-18,38,50,44,0.07
7-Nov-18,33,39,36,-
8-Nov-18,33,41,37,-
9-Nov-18,20,37,28.5,0.11
10-Nov-18,20,33,26.5,-
11-Nov-18,28,41,34.5,-
12-Nov-18,24,34,29,-
13-Nov-18,19,29,24,-
14-Nov-18,17,36,26.5,-
15-Nov-18,26,35,30.5,0.07
16-Nov-18,29,41,35,-
17-Nov-18,32,35,33.5,0.13
18-Nov-18,25,38,31.5,-
19-Nov-18,23,34,28.5,-
20-Nov-18,29,35,32,-
21-Nov-18,30,36,33,-
22-Nov-18,31,40,35.5,-
23-Nov-18,34,51,42.5,0.04
24-Nov-18,40,47,43.5,0.18
25-Nov-18,33,40,36.5,0.58
26-Nov-18,24,33,28.5,0.04
27-Nov-18,19,25,22,-
28-Nov-18,17,27,22,0.05
29-Nov-18,27,38,32.5,-
30-Nov-18,28,42,35,-
1-Dec-18,36,42,39,1.13
2-Dec-18,35,44,39.5,0.1
3-Dec-18,29,35,32,0.01
4-Dec-18,28,32,30,-
5-Dec-18,25,33,29,-
6-Dec-18,19,33,26,-
7-Dec-18,16,25,20.5,-
8-Dec-18,20,32,26,-
9-Dec-18,17,35,26,-
10-Dec-18,16,34,25,-
11-Dec-18,25,38,31.5,-
12-Dec-18,29,41,35,-
13-Dec-18,24,46,35,0.1
14-Dec-18,32,40,36,0.13
15-Dec-18,26,46,36,-
16-Dec-18,25,49,37,-
17-Dec-18,28,42,35,-
18-Dec-18,25,42,33.5,-
19-Dec-18,33,49,41,-
20-Dec-18,38,46,42,0.09
21-Dec-18,29,38,33.5,0.06
22-Dec-18,28,34,31,-
23-Dec-18,28,38,33,-
24-Dec-18,23,33,28,-
25-Dec-18,28,45,36.5,-
26-Dec-18,26,47,36.5,-
27-Dec-18,39,53,46,0.66
28-Dec-18,30,53,41.5,0.07
29-Dec-18,22,30,26,0.06
30-Dec-18,19,36,27.5,-
31-Dec-18,31,39,35,0.86
1-Jan-19,26,34,30,0.01
2-Jan-19,26,30,28,0.01
3-Jan-19,24,38,31,-
4-Jan-19,31,48,39.5,-
5-Jan-19,32,52,42,-
6-Jan-19,30,40,35,-
7-Jan-19,40,53,46.5,0.44
8-Jan-19,24,45,34.5,-
9-Jan-19,15,24,19.5,-
10-Jan-19,14,24,19,-
11-Jan-19,17,30,23.5,-
12-Jan-19,29,32,30.5,0.12
13-Jan-19,25,31,28,0.01
14-Jan-19,23,27,25,-
15-Jan-19,24,32,28,-
16-Jan-19,28,34,31,-
17-Jan-19,28,35,31.5,-
18-Jan-19,27,31,29,0.09
19-Jan-19,11,28,19.5,0.19
20-Jan-19,4,14,9,-
21-Jan-19,3,17,10,-
22-Jan-19,13,33,23,0.18
23-Jan-19,19,34,26.5,0.22
24-Jan-19,2,22,12,-
25-Jan-19,-6,5,-0.5,0.03
26-Jan-19,-7,12,2.5,0.06
27-Jan-19,-5,11,3,-
28-Jan-19,8,34,21,0.53
29-Jan-19,-10,10,0,-
30-Jan-19,-23,-10,-16.5,-
31-Jan-19,-21,1,-10,0.05
1-Feb-19,1,21,11,0.02
2-Feb-19,14,42,28,-
3-Feb-19,39,47,43,-
4-Feb-19,30,51,40.5,0.05
5-Feb-19,24,33,28.5,0.31
6-Feb-19,32,36,34,0.01
7-Feb-19,10,44,27,0.71
8-Feb-19,4,13,8.5,-
9-Feb-19,4,24,14,-
10-Feb-19,22,28,25,0.04
11-Feb-19,27,31,29,0.18
12-Feb-19,19,34,26.5,0.36
13-Feb-19,10,27,18.5,0.01
14-Feb-19,27,50,38.5,-
15-Feb-19,8,32,20,-
16-Feb-19,13,29,21,-
17-Feb-19,24,27,25.5,0.2
18-Feb-19,18,31,24.5,0.06
19-Feb-19,12,35,23.5,-
20-Feb-19,28,38,33,0.09
21-Feb-19,24,35,29.5,-
22-Feb-19,19,41,30,-
23-Feb-19,34,53,43.5,0.75
24-Feb-19,10,50,30,0.02
25-Feb-19,6,19,12.5,-
26-Feb-19,13,23,18,-
27-Feb-19,14,43,28.5,0.01
28-Feb-19,11,27,19,-
1-Mar-19,23,34,28.5,-
2-Mar-19,25,33,29,-
3-Mar-19,3,25,14,-
4-Mar-19,-3,12,4.5,-
5-Mar-19,8,21,14.5,-
6-Mar-19,9,30,19.5,-
7-Mar-19,14,28,21,-
8-Mar-19,21,39,30,-
9-Mar-19,26,43,34.5,0.56
10-Mar-19,29,38,33.5,-
11-Mar-19,27,41,34,-
12-Mar-19,24,49,36.5,-
13-Mar-19,40,58,49,0.48
14-Mar-19,39,62,50.5,0.46
15-Mar-19,32,40,36,-
16-Mar-19,28,41,34.5,-
17-Mar-19,28,43,35.5,-
18-Mar-19,27,43,35,-
19-Mar-19,30,49,39.5,-
20-Mar-19,38,44,41,0.14
21-Mar-19,36,45,40.5,-
22-Mar-19,29,46,37.5,-
23-Mar-19,25,53,39,-
24-Mar-19,34,50,42,0.05
25-Mar-19,26,42,34,-
26-Mar-19,23,48,35.5,-
27-Mar-19,29,59,44,0.01
28-Mar-19,44,65,54.5,-
29-Mar-19,37,57,47,0.26
30-Mar-19,29,45,37,0.13
31-Mar-19,23,40,31.5,-
1-Apr-19,26,49,37.5,-
2-Apr-19,39,55,47,-
3-Apr-19,37,58,47.5,-
4-Apr-19,39,47,43,0.25
5-Apr-19,39,57,48,-
6-Apr-19,39,66,52.5,-
7-Apr-19,51,67,59,0.39
8-Apr-19,52,73,62.5,-
9-Apr-19,39,66,52.5,-
10-Apr-19,34,39,36.5,0.13
11-Apr-19,37,56,46.5,0.26
12-Apr-19,38,51,44.5,0.09
13-Apr-19,35,52,43.5,-
14-Apr-19,32,39,35.5,0.35
15-Apr-19,31,52,41.5,-
16-Apr-19,45,73,59,-
17-Apr-19,44,77,60.5,-
18-Apr-19,44,65,54.5,0.31
19-Apr-19,41,51,46,-
20-Apr-19,36,64,50,-
21-Apr-19,44,77,60.5,-
22-Apr-19,58,80,69,0.02
23-Apr-19,49,65,57,-
24-Apr-19,42,64,53,-
25-Apr-19,46,67,56.5,0.07
26-Apr-19,49,63,56,0.14
27-Apr-19,32,49,40.5,0.79
28-Apr-19,31,52,41.5,-
29-Apr-19,43,51,47,1.58
30-Apr-19,38,47,42.5,1.1
1-May-19,43,58,50.5,1
2-May-19,41,47,44,0.61
3-May-19,40,55,47.5,0.01
4-May-19,38,63,50.5,-
5-May-19,46,73,59.5,-
6-May-19,45,70,57.5,0.01
7-May-19,43,50,46.5,0.46
8-May-19,46,68,57,0.16
9-May-19,46,67,56.5,0.95
10-May-19,44,58,51,-
11-May-19,44,53,48.5,0.12
12-May-19,42,52,47,0.05
13-May-19,42,61,51.5,-
14-May-19,41,71,56,-
15-May-19,50,75,62.5,-
16-May-19,60,77,68.5,0.2
17-May-19,45,68,56.5,0.3
18-May-19,44,80,62,0.41
19-May-19,47,74,60.5,0.07
20-May-19,45,57,51,-
21-May-19,45,54,49.5,0.06
22-May-19,49,82,65.5,0.59
23-May-19,61,74,67.5,0.1
24-May-19,54,75,64.5,0.26
25-May-19,70,81,75.5,-
26-May-19,54,74,64,-
27-May-19,53,73,63,1.92
28-May-19,52,70,61,0.52
29-May-19,52,75,63.5,0.18
30-May-19,60,78,69,0.22
31-May-19,60,81,70.5,-
1-Jun-19,53,80,66.5,-
2-Jun-19,51,70,60.5,-
3-Jun-19,49,67,58,-
4-Jun-19,56,82,69,0.29
5-Jun-19,59,83,71,0.29
6-Jun-19,56,75,65.5,-
7-Jun-19,55,78,66.5,-
8-Jun-19,57,76,66.5,-
9-Jun-19,63,75,69,-
10-Jun-19,60,74,67,-
11-Jun-19,57,82,69.5,-
12-Jun-19,52,71,61.5,0.74
13-Jun-19,51,68,59.5,0.06
14-Jun-19,52,80,66,0.05
15-Jun-19,54,70,62,0.02
16-Jun-19,54,60,57,0.08
17-Jun-19,55,67,61,-
18-Jun-19,54,78,66,-
19-Jun-19,56,72,64,0.09
20-Jun-19,54,71,62.5,0.37
21-Jun-19,52,72,62,-
22-Jun-19,58,79,68.5,-
23-Jun-19,63,81,72,0.38
24-Jun-19,66,78,72,0.17
25-Jun-19,62,85,73.5,0.14
26-Jun-19,68,89,78.5,0.15
27-Jun-19,68,89,78.5,0.02
28-Jun-19,71,90,80.5,0.01
29-Jun-19,69,87,78,-
30-Jun-19,70,91,80.5,0.2
1-Jul-19,69,89,79,-
2-Jul-19,74,92,83,0.01
3-Jul-19,69,86,77.5,0.41
4-Jul-19,70,91,80.5,-
5-Jul-19,73,91,82,0.47
6-Jul-19,67,83,75,-
7-Jul-19,64,77,70.5,-
8-Jul-19,60,83,71.5,-
9-Jul-19,61,88,74.5,-
10-Jul-19,75,94,84.5,0.01
11-Jul-19,65,82,73.5,-
12-Jul-19,59,87,73,-
13-Jul-19,72,94,83,-
14-Jul-19,70,91,80.5,-
15-Jul-19,74,92,83,-
16-Jul-19,71,82,76.5,0.05
17-Jul-19,74,92,83,0.47
18-Jul-19,71,87,79,1.36
19-Jul-19,81,93,87,-
20-Jul-19,73,95,84,0.08
21-Jul-19,67,79,73,0.76
22-Jul-19,62,75,68.5,-
23-Jul-19,62,80,71,-
24-Jul-19,62,81,71.5,-
25-Jul-19,63,85,74,-
26-Jul-19,67,85,76,-
27-Jul-19,71,89,80,-
28-Jul-19,73,89,81,-
29-Jul-19,70,82,76,0.32
30-Jul-19,65,78,71.5,-
31-Jul-19,59,76,67.5,-
1-Aug-19,57,80,68.5,-
2-Aug-19,61,83,72,-
3-Aug-19,63,89,76,-
4-Aug-19,70,89,79.5,-
5-Aug-19,70,90,80,-
6-Aug-19,67,85,76,0.01
7-Aug-19,66,88,77,-
8-Aug-19,67,87,77,0.01
9-Aug-19,62,83,72.5,-
10-Aug-19,67,86,76.5,-
11-Aug-19,67,82,74.5,-
12-Aug-19,71,84,77.5,0.5
13-Aug-19,67,86,76.5,0.19
14-Aug-19,66,83,74.5,-
15-Aug-19,63,79,71,-
16-Aug-19,64,84,74,-
17-Aug-19,67,77,72,0.18
18-Aug-19,68,82,75,0.86
19-Aug-19,68,85,76.5,-
20-Aug-19,68,76,72,0.35
21-Aug-19,65,83,74,0.02
22-Aug-19,64,76,70,-
23-Aug-19,58,74,66,-
24-Aug-19,60,75,67.5,-
25-Aug-19,61,78,69.5,-
26-Aug-19,64,76,70,1.4
27-Aug-19,65,79,72,-
28-Aug-19,59,75,67,-
29-Aug-19,58,84,71,-
30-Aug-19,59,74,66.5,-
31-Aug-19,61,75,68,0.01
1-Sep-19,62,73,67.5,0.44
2-Sep-19,61,82,71.5,-
3-Sep-19,67,80,73.5,0.22
4-Sep-19,59,69,64,-
5-Sep-19,56,74,65,-
6-Sep-19,61,72,66.5,-
7-Sep-19,56,78,67,-
8-Sep-19,62,66,64,0.03
9-Sep-19,62,76,69,0.02
10-Sep-19,71,90,80.5,-
11-Sep-19,68,89,78.5,0.13
12-Sep-19,63,78,70.5,0.34
13-Sep-19,62,77,69.5,1.35
14-Sep-19,56,80,68,-
15-Sep-19,63,78,70.5,0.49
16-Sep-19,64,74,69,-
17-Sep-19,65,78,71.5,-
18-Sep-19,62,82,72,-
19-Sep-19,63,83,73,0.01
20-Sep-19,68,84,76,-
21-Sep-19,71,78,74.5,0.17
22-Sep-19,66,77,71.5,1.47
23-Sep-19,59,74,66.5,-
24-Sep-19,58,79,68.5,-
25-Sep-19,62,79,70.5,-
26-Sep-19,56,72,64,-
27-Sep-19,58,69,63.5,2.08
28-Sep-19,53,66,59.5,0.39
29-Sep-19,60,66,63,0.57
30-Sep-19,63,85,74,-
1-Oct-19,68,86,77,-
2-Oct-19,57,68,62.5,1.31
3-Oct-19,49,67,58,1.02
4-Oct-19,45,58,51.5,-
5-Oct-19,48,63,55.5,0.27
6-Oct-19,49,67,58,-
7-Oct-19,48,69,58.5,-
8-Oct-19,46,70,58,-
9-Oct-19,50,70,60,-
10-Oct-19,54,70,62,0.11
11-Oct-19,39,67,53,0.67
12-Oct-19,35,54,44.5,-
13-Oct-19,37,52,44.5,-
14-Oct-19,37,54,45.5,-
15-Oct-19,41,62,51.5,-
16-Oct-19,41,52,46.5,-
17-Oct-19,40,54,47,-
18-Oct-19,38,59,48.5,-
19-Oct-19,44,68,56,-
20-Oct-19,48,63,55.5,-
21-Oct-19,50,67,58.5,0.05
22-Oct-19,44,51,47.5,0.01
23-Oct-19,39,58,48.5,0.02
24-Oct-19,42,50,46,-
25-Oct-19,37,48,42.5,-
26-Oct-19,36,48,42,2.12
27-Oct-19,42,58,50,0.1
28-Oct-19,41,49,45,-
29-Oct-19,35,45,40,0.15
30-Oct-19,32,41,36.5,0.56
31-Oct-19,25,33,29,0.28
1-Nov-19,23,44,33.5,0.01
2-Nov-19,31,42,36.5,-
3-Nov-19,30,53,41.5,-
4-Nov-19,38,51,44.5,-
5-Nov-19,30,40,35,-
6-Nov-19,29,55,42,0.01
7-Nov-19,20,31,25.5,-
8-Nov-19,16,32,24,-
9-Nov-19,27,46,36.5,-
10-Nov-19,33,43,38,0.04
11-Nov-19,13,33,23,0.18
12-Nov-19,7,17,12,-
13-Nov-19,11,27,19,-
14-Nov-19,24,30,27,0.01
15-Nov-19,22,38,30,-
16-Nov-19,26,42,34,-
17-Nov-19,27,40,33.5,0.04
18-Nov-19,34,40,37,-
19-Nov-19,35,41,38,0.01
20-Nov-19,38,47,42.5,-
21-Nov-19,37,54,45.5,0.51
22-Nov-19,28,38,33,-
23-Nov-19,24,40,32,-
24-Nov-19,32,50,41,-
25-Nov-19,37,53,45,-
26-Nov-19,32,50,41,0.37
27-Nov-19,33,55,44,0.25
28-Nov-19,31,37,34,-
29-Nov-19,33,40,36.5,-
30-Nov-19,36,40,38,0.37
1-Dec-19,31,41,36,0.11
2-Dec-19,29,35,32,-
3-Dec-19,29,40,34.5,-
4-Dec-19,31,43,37,-
5-Dec-19,27,45,36,-
6-Dec-19,27,42,34.5,-
7-Dec-19,25,37,31,-
8-Dec-19,34,47,40.5,-
9-Dec-19,24,47,35.5,0.05
10-Dec-19,14,24,19,-
11-Dec-19,13,24,18.5,-
12-Dec-19,19,45,32,-
13-Dec-19,34,45,39.5,-
14-Dec-19,24,35,29.5,-
15-Dec-19,19,26,22.5,-
16-Dec-19,24,30,27,0.01
17-Dec-19,19,29,24,-
18-Dec-19,10,27,18.5,-
19-Dec-19,15,35,25,-
20-Dec-19,23,41,32,-
21-Dec-19,32,47,39.5,-
22-Dec-19,33,52,42.5,-
23-Dec-19,33,52,42.5,-
24-Dec-19,30,55,42.5,-
25-Dec-19,37,57,47,-
26-Dec-19,37,61,49,-
27-Dec-19,28,37,32.5,-
28-Dec-19,27,48,37.5,0.26
29-Dec-19,47,57,52,0.95
30-Dec-19,27,47,37,0.09
31-Dec-19,24,28,26,0.08
1-Jan-20,21,42,31.5,-
2-Jan-20,37,48,42.5,-
3-Jan-20,33,41,37,-
4-Jan-20,26,33,29.5,0.03
5-Jan-20,24,42,33,-
6-Jan-20,27,42,34.5,-
7-Jan-20,28,40,34,-
8-Jan-20,14,29,21.5,-
9-Jan-20,23,50,36.5,0.02
10-Jan-20,36,50,43,0.83
11-Jan-20,25,37,31,0.38
12-Jan-20,23,31,27,-
13-Jan-20,31,33,32,-
14-Jan-20,25,39,32,-
15-Jan-20,25,36,30.5,-
16-Jan-20,11,29,20,-
17-Jan-20,11,29,20,0.36
18-Jan-20,5,35,20,0.41
19-Jan-20,2,19,10.5,-
20-Jan-20,17,31,24,-
21-Jan-20,15,29,22,-
22-Jan-20,24,34,29,-
23-Jan-20,29,34,31.5,0.17
24-Jan-20,32,37,34.5,0.4
25-Jan-20,32,34,33,0.12
26-Jan-20,27,33,30,-
27-Jan-20,27,35,31,-
28-Jan-20,31,33,32,-
29-Jan-20,30,34,32,-
30-Jan-20,32,35,33.5,-
31-Jan-20,32,37,34.5,0.08
1-Feb-20,34,38,36,0.01
2-Feb-20,35,52,43.5,-
3-Feb-20,30,48,39,-
4-Feb-20,31,39,35,-
5-Feb-20,27,33,30,0.07
6-Feb-20,27,30,28.5,0.05
7-Feb-20,24,38,31,-
8-Feb-20,28,37,32.5,-
9-Feb-20,25,37,31,0.14
10-Feb-20,26,39,32.5,-
11-Feb-20,26,35,30.5,-
12-Feb-20,24,37,30.5,0.18
13-Feb-20,4,32,18,0.03
14-Feb-20,-2,15,6.5,-
15-Feb-20,7,33,20,-
16-Feb-20,20,43,31.5,-
17-Feb-20,28,41,34.5,0.13
18-Feb-20,25,39,32,-
19-Feb-20,16,31,23.5,-
20-Feb-20,9,25,17,-
21-Feb-20,12,38,25,-
22-Feb-20,28,51,39.5,-
23-Feb-20,35,55,45,-
24-Feb-20,35,43,39,-
25-Feb-20,33,41,37,-
26-Feb-20,26,33,29.5,0.02
27-Feb-20,21,32,26.5,-
28-Feb-20,19,30,24.5,-
29-Feb-20,17,37,27,-
1-Mar-20,31,60,45.5,-
2-Mar-20,34,50,42,-
3-Mar-20,32,49,40.5,-
4-Mar-20,32,49,40.5,-
5-Mar-20,33,53,43,-
6-Mar-20,28,40,34,-
7-Mar-20,25,53,39,-
8-Mar-20,42,67,54.5,-
9-Mar-20,48,57,52.5,0.82
10-Mar-20,35,51,43,0.01
11-Mar-20,36,45,40.5,-
12-Mar-20,37,58,47.5,0.01
13-Mar-20,34,50,42,-
14-Mar-20,33,40,36.5,0.01
15-Mar-20,31,42,36.5,-
16-Mar-20,30,40,35,0.04
17-Mar-20,36,50,43,-
18-Mar-20,39,46,42.5,0.29
19-Mar-20,41,64,52.5,0.22
20-Mar-20,31,63,47,0.06
21-Mar-20,26,35,30.5,-
22-Mar-20,26,37,31.5,0.14
23-Mar-20,33,45,39,0.07
24-Mar-20,34,49,41.5,-
25-Mar-20,32,58,45,-
26-Mar-20,38,52,45,-
27-Mar-20,37,50,43.5,0.31
28-Mar-20,44,67,55.5,1.5
29-Mar-20,44,63,53.5,-
30-Mar-20,39,51,45,-
31-Mar-20,37,43,40,-
1-Apr-20,38,53,45.5,-
2-Apr-20,34,61,47.5,-
3-Apr-20,46,70,58,-
4-Apr-20,37,53,45,0.06
5-Apr-20,35,52,43.5,-
6-Apr-20,35,64,49.5,-
7-Apr-20,51,80,65.5,0.05
8-Apr-20,48,74,61,0.22
9-Apr-20,36,50,43,-
10-Apr-20,33,50,41.5,-
11-Apr-20,42,63,52.5,0.17
12-Apr-20,49,66,57.5,0.01
13-Apr-20,34,56,45,0.14
14-Apr-20,30,41,35.5,-
15-Apr-20,27,40,33.5,0.1
16-Apr-20,28,47,37.5,-
17-Apr-20,34,42,38,0.29
18-Apr-20,34,59,46.5,-
19-Apr-20,39,62,50.5,-
20-Apr-20,36,64,50,0.04
21-Apr-20,36,53,44.5,-
22-Apr-20,40,63,51.5,0.06
23-Apr-20,43,57,50,-
24-Apr-20,40,50,45,-
25-Apr-20,42,47,44.5,0.19
26-Apr-20,41,63,52,-
27-Apr-20,40,68,54,0.16
28-Apr-20,48,76,62,0.27
29-Apr-20,43,61,52,1.78
30-Apr-20,42,56,49,0.27
1-May-20,38,68,53,-
2-May-20,59,77,68,-
3-May-20,48,74,61,-
4-May-20,40,48,44,-
5-May-20,40,49,44.5,0.09
6-May-20,40,63,51.5,-
7-May-20,45,66,55.5,-
8-May-20,34,46,40,-
9-May-20,31,59,45,-
10-May-20,37,55,46,0.2
11-May-20,41,52,46.5,-
12-May-20,41,63,52,-
13-May-20,42,69,55.5,-
14-May-20,54,73,63.5,1.62
15-May-20,54,79,66.5,2.67
16-May-20,50,67,58.5,0.2
17-May-20,53,68,60.5,3.42
18-May-20,53,64,58.5,0.05
19-May-20,52,59,55.5,0.25
20-May-20,53,66,59.5,-
21-May-20,57,70,63.5,-
22-May-20,57,72,64.5,-
23-May-20,55,82,68.5,0.52
24-May-20,64,90,77,-
25-May-20,69,88,78.5,0.18
26-May-20,68,89,78.5,-
27-May-20,72,87,79.5,-
28-May-20,62,82,72,-
29-May-20,58,76,67,-
30-May-20,54,73,63.5,-
31-May-20,50,69,59.5,-
1-Jun-20,53,76,64.5,-
2-Jun-20,67,94,80.5,-
3-Jun-20,67,87,77,0.19
4-Jun-20,70,88,79,-
5-Jun-20,70,89,79.5,-
6-Jun-20,59,76,67.5,-
7-Jun-20,56,79,67.5,-
8-Jun-20,62,90,76,-
9-Jun-20,73,91,82,0.26
10-Jun-20,62,84,73,0.3
11-Jun-20,59,82,70.5,-
12-Jun-20,54,75,64.5,-
13-Jun-20,52,66,59,-
14-Jun-20,53,68,60.5,-
15-Jun-20,52,73,62.5,-
16-Jun-20,57,86,71.5,-
17-Jun-20,64,87,75.5,-
